Record_ID,Age,CGPA,Attendance_Percent,Coding_Score,Communication_Score,Projects_Count,Certifications_Count,Technical_Skills,Aptitude_Score,Previous_Internship,Internship_Selected
1001,21,7.98,74.2,56.5,84.4,5.0,0.0,Intermediate,93.2,No,1
1002,18,8.73,71.1,57.2,76.5,4.0,1.0,Intermediate,57.7,No,1
1003,19,7.45,76.7,73.9,46.7,2.0,2.0,,62.0,No,0
1004,19,8.1,80.6,89.2,85.2,1.0,4.0,Intermediate,73.7,No,1
1005,19,8.02,79.5,69.5,62.6,4.0,1.0,Intermediate,49.7,No,1
1006,21,8.04,66.7,72.7,65.1,1.0,1.0,Beginner,70.7,No,0
1007,22,5.69,74.7,62.8,66.9,6.0,3.0,Intermediate,76.8,No,0
1008,19,6.49,86.3,88.3,100.0,2.0,3.0,Intermediate,64.1,Yes,1
1009,21,7.71,94.8,71.9,82.5,3.0,2.0,Intermediate,77.7,No,1
1010,22,7.77,84.0,63.7,96.4,,2.0,Intermediate,40.1,No,1
1011,20,7.43,72.7,100.0,75.0,4.0,1.0,Beginner,57.6,No,0
1012,19,4.71,98.4,55.7,70.0,5.0,0.0,Advanced,61.4,No,0
1013,22,6.24,88.0,78.2,84.9,3.0,2.0,Intermediate,62.9,No,1
1014,19,5.17,75.6,55.4,73.8,2.0,0.0,Intermediate,64.4,No,0
1015,21,9.04,63.6,68.1,68.0,2.0,2.0,Intermediate,88.4,No,1
1016,21,5.6,56.7,54.4,58.4,2.0,2.0,Beginner,68.3,Yes,0
1017,22,7.37,96.4,86.5,83.5,3.0,1.0,Intermediate,60.5,No,0
1018,19,8.1,88.9,64.3,87.2,3.0,0.0,Intermediate,62.3,Yes,1
1019,21,6.3,74.9,71.5,67.2,3.0,3.0,Advanced,85.6,No,1
1020,20,5.88,82.3,88.7,30.0,1.0,2.0,Intermediate,68.5,No,0
1021,19,7.07,66.3,89.6,77.7,2.0,2.0,Intermediate,68.1,Yes,1
1022,19,4.91,90.7,75.2,55.0,2.0,2.0,Intermediate,46.5,Yes,0
1023,20,7.1,68.3,52.3,58.8,3.0,0.0,Beginner,,No,1
1024,21,6.51,67.5,38.3,61.3,2.0,0.0,Beginner,85.3,No,0
1025,19,7.62,92.2,64.4,74.9,,4.0,Advanced,67.0,No,0
1026,18,5.08,69.2,55.7,86.7,1.0,1.0,Advanced,58.6,Yes,0
1027,20,7.88,77.5,77.2,55.3,1.0,1.0,Intermediate,82.9,Yes,1
1028,21,8.24,90.7,44.4,100.0,1.0,0.0,Advanced,51.0,No,0
1029,22,6.29,80.5,78.9,83.0,1.0,0.0,Intermediate,69.2,Yes,0
1030,21,7.6,91.4,36.6,79.0,0.0,0.0,Intermediate,55.0,Yes,0
1031,22,7.15,66.4,67.4,59.3,1.0,3.0,Intermediate,59.4,No,1
1032,22,8.87,77.4,88.8,80.4,2.0,0.0,Beginner,65.8,No,1
1033,19,8.0,87.2,67.2,69.9,3.0,1.0,Advanced,85.9,No,1
1034,22,7.13,81.8,67.2,100.0,6.0,2.0,Advanced,69.7,Yes,1
1035,21,5.4,79.4,92.6,94.6,2.0,1.0,Intermediate,66.1,Yes,1
1036,19,5.79,74.3,36.5,74.1,2.0,3.0,Advanced,90.3,No,0
1037,21,6.71,75.4,69.6,80.4,3.0,2.0,Intermediate,55.6,No,0
1038,22,6.32,73.2,94.0,48.9,4.0,4.0,Intermediate,70.2,No,0
1039,19,6.51,85.4,54.1,85.0,2.0,0.0,Intermediate,43.6,Yes,0
1040,20,8.4,65.7,72.6,69.7,1.0,4.0,Beginner,63.5,No,0
1041,18,7.4,77.5,76.7,64.3,4.0,2.0,Advanced,73.0,No,0
1042,21,8.27,82.7,74.2,73.7,2.0,2.0,Intermediate,64.7,No,1
1043,19,7.22,75.8,74.5,80.6,4.0,3.0,Intermediate,63.3,No,0
1044,21,7.07,85.8,93.1,82.5,0.0,,Advanced,74.0,No,1
1045,19,6.48,71.0,43.9,53.3,3.0,3.0,Intermediate,87.2,Yes,1
1046,20,5.95,88.1,81.8,49.7,3.0,1.0,Advanced,60.1,No,0
1047,18,7.36,93.1,90.6,66.1,0.0,2.0,Advanced,55.6,Yes,1
1048,18,,71.4,88.5,72.8,5.0,0.0,Advanced,75.1,No,1
1049,20,7.13,71.1,67.1,47.5,3.0,1.0,Intermediate,75.5,No,1
1050,20,7.99,61.1,68.8,76.1,2.0,3.0,Intermediate,54.7,NO,1
1051,19,6.17,81.1,58.1,75.2,5.0,1.0,Intermediate,76.0,No,0
1052,19,6.86,100.0,76.2,50.0,1.0,3.0,Intermediate,73.8,,0
1053,18,7.18,74.5,68.4,83.2,1.0,1.0,Intermediate,68.0,No,0
1054,20,7.44,77.5,62.9,54.4,2.0,3.0,Intermediate,52.0,No,0
1055,20,7.16,58.2,55.5,40.6,2.0,0.0,Beginner,59.3,No,0
1056,20,7.18,70.1,65.1,50.2,0.0,3.0,Intermediate,63.0,No,0
1057,22,6.97,87.9,100.0,51.0,2.0,1.0,Beginner,58.9,Yes,0
1058,21,7.73,90.2,54.4,71.4,2.0,2.0,Intermediate,52.3,no,0
1059,19,7.63,88.1,46.3,91.2,4.0,3.0,,79.7,No,0
1060,21,6.79,91.7,67.5,80.2,1.0,1.0,Intermediate,73.9,No,1
1061,20,6.33,75.5,49.4,87.7,0.0,4.0,,82.8,No,0
1062,21,6.4,73.3,31.3,80.9,2.0,2.0,Beginner,62.9,No,0
1063,20,8.99,99.0,,53.5,3.0,1.0,Intermediate,76.5,Yes,1
1064,20,7.55,69.6,53.0,59.3,4.0,3.0,Beginner,58.8,Yes,0
1065,20,8.17,77.1,65.7,69.8,3.0,2.0,Advanced,65.2,No,1
1066,18,8.07,77.0,64.5,73.7,,0.0,Advanced,67.7,Yes,1
1067,20,7.3,73.8,77.4,60.3,2.0,0.0,Advanced,53.3,No,0
1068,21,7.56,75.6,44.7,54.4,3.0,1.0,Intermediate,88.8,no,0
1069,23,7.64,75.7,61.3,44.6,6.0,1.0,Intermediate,75.2,No,1
1070,20,5.62,81.2,59.2,72.6,1.0,0.0,Intermediate,25.0,No,0
1071,20,7.65,76.3,60.5,76.3,2.0,2.0,Intermediate,57.4,No,0
1072,20,6.49,90.0,90.7,93.2,1.0,2.0,Advanced,72.7,No,1
1073,20,6.43,75.0,92.5,58.5,2.0,4.0,Intermediate,52.5,No,0
1074,20,7.5,76.4,69.4,66.1,1.0,2.0,Advanced,72.0,No,0
1075,18,10.0,80.8,73.5,55.1,,1.0,Intermediate,72.2,No,1
1076,20,5.43,61.2,77.7,64.9,0.0,1.0,Advanced,86.0,No,0
1077,21,5.06,70.5,79.5,80.0,2.0,2.0,Beginner,69.4,No,0
1078,21,7.31,85.7,81.3,72.6,3.0,4.0,Intermediate,63.5,No,1
1079,20,5.1,81.9,49.3,75.0,2.0,3.0,Intermediate,67.4,No,0
1080,20,7.05,79.0,76.0,70.0,2.0,4.0,Intermediate,37.9,No,0
1081,18,,82.6,82.2,61.8,3.0,,Intermediate,63.5,Yes,0
1082,21,7.67,65.7,43.1,79.6,4.0,1.0,Intermediate,100.0,No,1
1083,18,7.14,80.3,65.9,56.0,3.0,0.0,Advanced,72.3,Yes,1
1084,20,6.23,71.1,38.1,79.5,2.0,1.0,Intermediate,74.9,No,0
1085,20,8.48,82.5,35.0,62.5,1.0,1.0,Intermediate,47.2,No,1
1086,22,7.4,96.2,,70.9,1.0,4.0,Beginner,69.6,Yes,1
1087,23,7.86,64.4,81.3,54.5,5.0,2.0,Intermediate,56.1,No,0
1088,20,,95.4,86.7,46.2,6.0,0.0,Advanced,50.4,Yes,1
1089,22,7.59,71.3,70.2,78.2,2.0,2.0,Intermediate,56.9,No,1
1090,20,6.0,83.8,48.9,96.1,2.0,0.0,Beginner,68.9,Yes,0
1091,21,9.69,67.4,81.8,99.2,3.0,2.0,Intermediate,83.4,No,1
1092,21,8.17,74.5,57.7,100.0,3.0,1.0,Beginner,81.1,Yes,0
1093,21,7.39,65.5,66.6,76.0,3.0,2.0,Beginner,57.8,No,0
1094,19,8.35,92.0,65.1,76.5,0.0,2.0,Beginner,42.5,Yes,1
1095,19,7.37,,87.2,55.1,2.0,0.0,Beginner,25.0,Yes,0
1096,20,7.01,72.0,91.1,76.1,3.0,2.0,Beginner,76.9,No,1
1097,19,7.36,74.4,76.2,75.2,2.0,1.0,Intermediate,51.8,Yes,1
1098,22,5.31,91.5,82.6,60.1,3.0,1.0,Intermediate,77.9,Yes,0
1099,19,6.74,69.3,67.1,95.0,3.0,1.0,Advanced,79.0,No,0
1100,18,7.44,63.8,50.4,74.4,2.0,1.0,Intermediate,73.9,No,0
1101,20,6.43,85.8,65.9,63.9,2.0,1.0,Advanced,89.4,No,1
1102,20,9.4,78.3,85.9,46.6,0.0,1.0,Intermediate,58.5,Yes,1
1103,22,6.82,92.4,65.0,100.0,1.0,2.0,Intermediate,67.0,No,0
1104,19,7.46,78.1,60.0,78.5,0.0,0.0,Intermediate,66.0,Yes,0
1105,20,9.29,59.0,62.6,76.1,3.0,0.0,Advanced,80.5,No,0
1106,21,8.03,99.7,52.1,61.0,1.0,1.0,Intermediate,62.8,No,0
1107,22,9.46,74.1,81.1,73.9,,1.0,Advanced,51.8,No,1
1108,19,7.37,85.0,92.3,72.0,4.0,0.0,Intermediate,81.3,No,0
1109,21,5.61,78.7,54.9,72.1,1.0,2.0,Advanced,80.2,Yes,0
1110,19,4.59,64.1,76.7,50.3,2.0,1.0,Intermediate,34.1,No,0
1111,21,5.89,58.1,45.0,66.2,2.0,3.0,Advanced,65.3,Yes,0
1112,19,7.43,91.5,83.2,72.8,2.0,1.0,Beginner,67.9,Yes,1
1113,19,8.18,84.5,65.4,68.8,1.0,4.0,Intermediate,42.2,No,0
1114,19,8.25,98.5,54.4,57.8,1.0,1.0,Advanced,70.5,No,0
1115,20,5.8,80.0,58.6,48.2,2.0,2.0,Beginner,65.2,Yes,0
1116,20,6.49,80.1,62.7,86.2,2.0,3.0,Beginner,65.8,No,0
1117,21,7.67,73.7,72.8,88.5,4.0,4.0,Beginner,34.2,No,0
1118,20,4.87,60.4,51.3,76.9,0.0,3.0,Beginner,72.5,No,0
1119,21,6.24,86.1,59.9,69.0,2.0,5.0,Beginner,46.9,No,0
1120,19,7.43,75.6,49.2,63.3,2.0,6.0,Advanced,65.3,No,0
1121,23,7.37,78.4,81.4,54.5,0.0,3.0,Advanced,61.3,No,0
1122,20,8.17,,72.6,58.4,1.0,4.0,Intermediate,67.1,No,1
1123,21,7.29,92.3,76.7,73.1,1.0,3.0,Intermediate,80.5,Yes,1
1124,21,6.85,76.3,60.6,71.3,2.0,0.0,Advanced,74.4,No,0
1125,19,6.23,70.7,96.2,66.3,1.0,1.0,Beginner,81.6,Yes,0
1126,19,7.51,78.0,56.6,59.0,3.0,1.0,Beginner,82.3,No,0
1127,20,6.88,98.9,53.2,54.6,1.0,0.0,Intermediate,33.4,Yes,0
1128,20,7.99,81.4,78.9,71.6,0.0,4.0,Intermediate,61.5,No,0
1129,19,5.75,79.4,48.3,54.4,2.0,0.0,Advanced,88.7,No,0
1130,19,9.07,74.7,85.0,86.4,1.0,5.0,Advanced,73.9,No,1
1131,20,6.44,74.7,73.5,77.6,2.0,1.0,Intermediate,64.0,No,1
1132,21,6.76,66.4,73.8,98.8,2.0,1.0,Beginner,58.7,No,0
1133,19,7.94,72.0,84.9,76.1,3.0,2.0,Advanced,33.7,No,1
1134,19,7.87,79.8,87.3,79.0,3.0,0.0,Intermediate,80.2,Yes,1
1135,23,7.76,64.5,71.6,73.7,1.0,1.0,Intermediate,57.5,Yes,0
1136,21,6.55,75.9,72.9,73.3,1.0,2.0,Intermediate,70.4,Yes,0
1137,18,4.92,64.9,58.0,79.5,1.0,5.0,Intermediate,63.8,No,1
1138,23,7.0,68.4,32.7,68.1,1.0,1.0,Intermediate,47.1,No,1
1139,18,7.93,73.1,61.3,96.5,0.0,0.0,BEGINNER,49.2,No,0
1140,19,7.65,77.9,40.7,77.6,1.0,0.0,Beginner,70.8,No,0
1141,22,8.19,76.8,64.3,73.9,2.0,2.0,Advanced,94.2,No,1
1142,19,6.8,93.1,89.1,38.3,2.0,3.0,Beginner,30.0,No,0
1143,22,6.36,91.8,65.2,50.2,2.0,3.0,Beginner,59.9,No,0
1144,19,5.92,75.6,76.4,69.0,2.0,1.0,Intermediate,38.9,No,0
1145,19,7.79,75.9,63.1,70.8,2.0,1.0,Intermediate,68.0,No,1
1146,21,7.42,69.6,71.7,63.0,3.0,1.0,Intermediate,45.0,Yes,0
1147,22,7.13,96.0,65.1,82.3,3.0,1.0,Beginner,65.6,No,0
1148,20,7.11,90.9,85.2,65.9,0.0,6.0,Intermediate,91.8,No,0
1149,18,6.89,67.1,69.5,69.6,3.0,2.0,Intermediate,86.6,No,1
1150,20,6.76,77.0,37.7,53.7,2.0,0.0,Intermediate,57.5,No,0
1151,18,7.89,92.8,53.2,56.4,,1.0,Advanced,53.1,No,1
1152,20,6.38,73.8,63.1,65.5,2.0,1.0,Intermediate,77.7,Yes,1
1153,21,8.79,73.0,51.8,53.9,3.0,2.0,Beginner,69.9,No,1
1154,19,8.79,89.0,70.5,91.5,3.0,1.0,Intermediate,51.9,No,1
1155,21,9.01,71.6,60.8,55.5,2.0,4.0,Intermediate,51.2,Yes,1
1156,22,8.5,100.0,38.6,63.8,0.0,2.0,Advanced,56.8,Yes,1
1157,20,6.59,82.0,79.0,76.4,4.0,1.0,Advanced,26.4,Yes,0
1158,19,8.19,73.2,63.6,68.1,3.0,2.0,Advanced,52.3,Yes,1
1159,22,7.09,47.5,57.1,77.4,10.0,0.0,Advanced,70.9,No,1
1160,23,7.32,87.0,68.9,67.6,2.0,1.0,Intermediate,66.2,No,0
1161,19,7.69,63.2,65.9,68.0,0.0,2.0,Beginner,59.8,No,0
1162,22,6.97,82.1,49.4,54.0,0.0,5.0,Intermediate,65.3,No,0
1163,19,7.2,81.9,63.9,82.3,1.0,0.0,Beginner,70.0,No,0
1164,19,7.98,84.1,48.3,84.3,2.0,4.0,Advanced,56.3,No,1
1165,19,8.2,61.2,99.9,67.8,2.0,1.0,Intermediate,68.2,No,0
1166,21,8.03,70.6,66.6,87.8,2.0,3.0,Intermediate,75.4,No,0
1167,19,9.86,83.9,72.7,73.9,1.0,1.0,Intermediate,56.7,No,1
1168,21,9.44,84.7,85.4,77.8,3.0,0.0,advanced,84.0,No,1
1169,19,7.31,94.6,91.2,56.2,3.0,0.0,Intermediate,66.1,YES,0
1170,20,7.35,70.1,62.4,39.9,4.0,3.0,Advanced,51.0,No,0
1171,19,7.65,63.1,92.0,80.7,1.0,1.0,Intermediate,50.6,No,0
1172,21,7.88,60.5,32.7,100.0,2.0,2.0,Intermediate,58.9,Yes,1
1173,20,8.9,79.3,86.3,61.7,2.0,3.0,Intermediate,68.3,No,1
1174,20,6.48,90.0,98.5,71.0,1.0,2.0,Advanced,37.8,No,0
1175,21,6.57,,75.4,79.5,2.0,3.0,Intermediate,50.3,Yes,0
1176,20,7.09,71.5,76.4,87.9,2.0,1.0,Advanced,63.9,No,0
1177,21,10.0,87.2,76.5,71.5,4.0,3.0,Intermediate,74.6,No,1
1178,21,8.61,78.6,52.7,,3.0,3.0,Advanced,73.8,No,1
1179,21,5.54,75.2,59.4,61.2,1.0,1.0,Intermediate,85.9,No,0
1180,23,7.34,72.6,65.9,65.8,2.0,3.0,Advanced,73.2,Yes,1
1181,20,5.28,79.1,87.7,84.9,3.0,4.0,Beginner,67.5,No,1
1182,19,7.66,74.7,81.7,73.7,0.0,1.0,Beginner,46.7,No,0
1183,20,7.01,83.8,81.1,39.3,5.0,2.0,Intermediate,60.4,No,1
1184,19,8.61,69.4,,70.0,0.0,1.0,Intermediate,44.9,No,0
1185,19,8.62,80.7,72.1,96.0,2.0,1.0,Advanced,45.2,No,0
1186,21,9.02,69.3,69.9,68.9,1.0,1.0,Beginner,50.7,No,0
1187,19,7.6,,59.3,75.5,2.0,2.0,Beginner,79.0,No,0
1188,20,7.93,86.5,58.6,40.2,6.0,,Advanced,79.2,Yes,1
1189,23,8.48,76.6,75.4,65.0,1.0,1.0,Intermediate,62.6,Yes,1
1190,20,7.93,70.7,92.6,71.6,4.0,5.0,Intermediate,71.5,Yes,1
1191,20,6.41,65.5,67.5,71.9,2.0,0.0,Beginner,61.7,Yes,0
1192,22,6.28,73.4,89.4,63.4,1.0,1.0,Intermediate,62.0,No,1
1193,21,7.79,91.1,74.5,65.2,2.0,1.0,Advanced,62.1,No,0
1194,22,5.52,80.6,51.8,48.7,1.0,1.0,Advanced,41.4,No,0
1195,20,9.0,89.6,62.4,55.7,3.0,4.0,Intermediate,46.9,No,1
1196,19,6.27,84.9,83.2,64.5,1.0,,Beginner,97.3,No,0
1197,18,8.52,91.4,67.7,77.0,0.0,2.0,Intermediate,72.5,No,1
1198,18,7.02,80.0,60.9,69.7,3.0,2.0,Intermediate,75.2,Yes,0
1199,19,5.62,86.9,71.4,,3.0,2.0,Intermediate,41.6,No,1
1200,19,7.5,59.3,67.2,86.0,3.0,0.0,Advanced,58.2,No,1
1201,21,6.9,81.6,64.1,63.0,1.0,3.0,Advanced,45.3,No,1
1202,19,5.83,56.0,43.4,62.8,2.0,7.0,Intermediate,62.9,No,0
1203,20,8.36,88.1,64.5,91.0,4.0,2.0,Advanced,78.5,No,1
1204,20,7.34,100.0,61.4,56.2,1.0,1.0,Intermediate,74.0,No,1
1205,20,7.15,,76.0,51.9,2.0,3.0,Advanced,51.4,No,1
1206,19,9.03,94.2,74.5,,4.0,4.0,Intermediate,40.5,Yes,1
1207,19,5.66,87.7,66.7,49.0,3.0,3.0,Intermediate,76.1,Yes,1
1208,22,8.84,75.6,100.0,50.9,4.0,0.0,Intermediate,54.6,No,1
1209,24,7.97,72.8,78.2,53.8,2.0,3.0,Intermediate,70.7,No,1
1210,20,7.64,84.0,75.9,63.7,2.0,0.0,Advanced,48.0,No,0
1211,20,4.54,79.8,36.4,77.8,1.0,1.0,Intermediate,72.0,No,0
1212,20,7.75,79.8,37.0,67.8,3.0,2.0,Intermediate,65.1,No,1
1213,20,6.87,76.6,81.5,58.8,4.0,2.0,Intermediate,67.0,No,1
1214,21,8.92,74.2,48.2,96.6,1.0,1.0,Intermediate,80.1,No,1
1215,21,7.14,,53.8,64.8,3.0,0.0,Advanced,74.2,No,0
1216,20,5.7,61.1,54.1,76.3,1.0,0.0,Intermediate,71.3,No,0
1217,19,6.62,76.9,79.3,76.6,1.0,3.0,Advanced,78.2,No,0
1218,21,6.72,81.6,77.5,65.7,4.0,3.0,Advanced,71.8,No,1
1219,20,7.59,62.4,74.0,76.4,3.0,1.0,Intermediate,57.7,No,0
1220,22,6.88,69.8,75.7,73.0,,0.0,Intermediate,80.2,No,0
1221,20,8.39,60.4,50.6,63.6,6.0,1.0,Intermediate,66.8,Yes,1
1222,18,8.0,86.6,67.3,61.8,1.0,2.0,Advanced,74.3,Yes,1
1223,21,6.61,89.7,100.0,69.5,6.0,0.0,Intermediate,73.4,No,0
1224,23,9.23,72.0,54.2,44.6,5.0,1.0,Intermediate,86.1,No,1
1225,20,7.5,76.8,40.0,70.7,1.0,1.0,Intermediate,58.3,No,0
1226,23,6.15,81.5,50.2,72.1,3.0,1.0,Advanced,69.0,No,0
1227,19,6.59,75.3,55.3,75.0,2.0,1.0,Intermediate,51.7,No,0
1228,19,8.67,,61.8,74.4,3.0,1.0,Beginner,71.8,No,0
1229,20,8.59,97.7,72.6,65.0,1.0,1.0,Intermediate,61.8,Yes,1
1230,20,8.16,89.0,73.7,89.9,5.0,0.0,Advanced,87.4,No,1
1231,22,6.2,86.9,64.2,56.0,2.0,3.0,Advanced,79.8,No,1
1232,23,6.42,98.2,69.3,58.3,1.0,1.0,,66.1,Yes,1
1233,20,6.71,64.0,64.1,69.3,3.0,1.0,Intermediate,49.2,Yes,0
1234,21,8.86,81.8,51.0,92.9,4.0,2.0,Beginner,65.1,No,0
1235,21,7.2,59.8,69.7,85.2,6.0,2.0,Advanced,42.5,No,1
1236,22,7.92,97.2,83.7,86.8,3.0,1.0,Advanced,64.9,No,1
1237,19,5.59,86.1,89.0,93.4,2.0,3.0,Intermediate,68.9,,1
1238,20,4.75,77.2,48.7,58.2,2.0,3.0,Intermediate,66.7,No,0
1239,21,7.13,73.0,75.8,31.2,2.0,0.0,Intermediate,83.3,No,1
1240,21,7.76,71.8,63.3,78.4,3.0,2.0,Beginner,,No,0
1241,21,7.37,75.0,60.5,55.4,4.0,1.0,Beginner,89.3,No,0
1242,23,7.62,60.7,,66.2,1.0,2.0,Beginner,65.1,Yes,0
1243,18,7.01,72.5,77.3,80.3,1.0,9.0,Advanced,75.8,No,1
1244,19,7.43,72.3,53.4,54.6,1.0,1.0,Intermediate,65.0,No,0
1245,19,7.67,68.6,38.7,65.2,1.0,1.0,Intermediate,63.6,Yes,0
1246,21,6.83,72.1,57.6,84.3,4.0,2.0,Beginner,63.0,No,0
1247,20,5.86,75.1,87.6,86.4,1.0,0.0,Intermediate,64.3,Yes,1
1248,18,6.89,80.6,61.5,81.9,1.0,0.0,Beginner,79.5,No,0
1249,19,8.55,87.0,70.1,89.3,1.0,1.0,Advanced,50.8,No,0
1250,20,4.72,73.6,62.8,62.9,1.0,4.0,Beginner,47.4,No,0
1251,20,6.53,56.2,85.3,67.3,2.0,2.0,Intermediate,64.0,Yes,1
1252,21,7.2,75.6,75.5,83.6,3.0,1.0,Beginner,88.0,No,0
1253,20,5.69,69.3,100.0,83.3,5.0,1.0,Beginner,89.0,Yes,1
1254,22,8.87,77.9,78.9,84.4,1.0,0.0,Intermediate,63.2,No,0
1255,20,7.01,61.8,45.8,85.1,3.0,2.0,Advanced,82.2,No,0
1256,20,7.53,68.9,67.5,99.8,3.0,2.0,Advanced,61.5,Yes,1
1257,21,6.37,68.5,92.1,79.4,1.0,2.0,Intermediate,64.3,No,1
1258,19,6.56,81.3,39.2,55.2,0.0,0.0,Intermediate,92.2,No,0
1259,22,7.08,69.0,97.1,75.5,1.0,4.0,Intermediate,99.5,Yes,1
1260,21,6.7,68.8,66.3,63.1,1.0,0.0,Intermediate,73.9,Yes,0
1261,23,6.62,74.1,56.9,59.1,4.0,1.0,Intermediate,35.2,No,0
1262,19,,80.7,54.3,87.0,0.0,2.0,Intermediate,47.0,No,0
1263,19,7.82,69.2,63.6,95.3,0.0,1.0,Advanced,67.5,Yes,1
1264,20,5.64,60.7,67.5,76.8,2.0,4.0,Intermediate,89.4,Yes,1
1265,19,8.42,66.9,54.6,76.3,1.0,1.0,Intermediate,50.8,No,0
1266,18,7.59,77.1,61.3,64.5,1.0,1.0,Beginner,60.9,No,0
1267,20,6.95,80.4,91.3,64.1,4.0,0.0,Advanced,77.9,No,1
1268,21,7.82,93.3,53.2,46.3,3.0,7.0,Intermediate,42.4,No,0
1269,22,5.8,63.9,66.6,81.1,4.0,4.0,Advanced,54.6,Yes,0
1270,19,7.01,,79.9,64.0,2.0,1.0,Advanced,83.0,No,0
1271,23,6.04,86.6,93.0,78.6,2.0,1.0,Intermediate,75.3,No,0
1272,18,7.12,68.5,62.7,76.7,2.0,1.0,Intermediate,99.7,Yes,1
1273,18,6.52,81.3,70.7,42.3,4.0,1.0,Intermediate,62.1,No,1
1274,21,5.97,85.2,49.6,87.5,1.0,0.0,Advanced,96.7,No,0
1275,18,6.09,75.4,70.8,74.7,3.0,2.0,Intermediate,50.8,No,1
1276,23,7.5,84.8,73.6,76.1,5.0,4.0,Intermediate,71.2,No,1
1277,19,6.38,95.7,71.8,50.6,2.0,1.0,Beginner,57.6,No,0
1278,19,5.89,85.3,62.0,72.1,1.0,0.0,Advanced,48.5,Yes,0
1279,21,7.29,84.8,71.1,59.6,1.0,1.0,Intermediate,57.8,Yes,0
1280,20,7.58,92.7,41.1,70.6,2.0,2.0,Intermediate,46.6,No,0
1281,22,7.03,91.9,,98.3,2.0,,,98.4,Yes,1
1282,20,5.8,94.6,45.1,55.3,3.0,1.0,Advanced,78.7,No,0
1283,18,8.37,72.2,50.1,47.1,3.0,2.0,Advanced,38.9,Yes,1
1284,19,7.11,75.1,42.2,69.1,3.0,2.0,Intermediate,68.1,No,0
1285,19,8.66,70.8,56.1,69.7,4.0,1.0,Beginner,59.6,No,1
1286,19,7.06,74.1,69.9,74.8,0.0,3.0,Intermediate,62.2,No,0
1287,19,8.15,63.5,86.0,90.9,3.0,0.0,Intermediate,62.0,Yes,1
1288,18,5.43,65.9,95.0,60.0,4.0,3.0,Advanced,68.7,No,0
1289,22,6.79,75.6,90.0,76.3,0.0,1.0,Advanced,54.5,No,0
1290,21,6.7,59.6,69.1,53.4,2.0,1.0,Intermediate,66.0,No,1
1291,20,9.02,70.6,55.7,52.1,2.0,0.0,Beginner,79.1,No,0
1292,22,6.57,64.8,61.8,74.7,2.0,0.0,Intermediate,60.1,No,0
1293,21,5.87,87.5,66.1,81.3,1.0,1.0,Advanced,94.4,No,0
1294,21,6.61,89.5,75.5,64.2,5.0,3.0,Advanced,79.8,No,1
1295,21,6.38,82.9,65.5,54.4,2.0,2.0,Advanced,65.5,No,0
1296,20,7.14,85.4,77.8,51.7,4.0,2.0,Advanced,66.2,No,1
1297,19,6.13,92.9,44.6,63.6,2.0,1.0,Intermediate,51.2,No,0
1298,22,6.17,86.6,62.3,67.7,2.0,0.0,Intermediate,95.2,No,1
1299,20,7.96,83.2,59.0,78.7,2.0,0.0,Intermediate,78.6,No,1
1300,20,4.8,60.9,60.3,59.7,3.0,3.0,Intermediate,61.7,No,0
1301,19,7.92,59.1,68.6,50.8,1.0,2.0,Advanced,72.1,Yes,0
1302,20,8.18,77.6,69.7,53.3,0.0,0.0,Intermediate,67.0,No,1
1303,20,8.18,88.5,71.9,46.3,3.0,1.0,Intermediate,87.6,No,0
1304,20,5.43,79.6,65.6,60.9,1.0,0.0,Intermediate,76.0,No,0
1305,20,5.62,80.1,77.8,68.6,2.0,2.0,Intermediate,71.0,No,0
1306,20,7.03,64.4,64.3,,2.0,1.0,Intermediate,67.6,No,1
1307,20,7.23,70.6,50.8,,1.0,1.0,Intermediate,26.9,Yes,0
1308,21,5.52,93.5,80.3,84.3,2.0,2.0,Advanced,64.6,Yes,1
1309,19,8.33,74.0,52.5,61.7,1.0,1.0,Intermediate,72.0,No,1
1310,21,8.94,74.7,91.1,66.5,2.0,0.0,Intermediate,69.2,No,0
1311,19,6.51,68.2,49.3,79.1,1.0,1.0,Beginner,44.3,No,0
1312,22,6.81,95.8,53.6,74.4,2.0,0.0,Advanced,61.2,No,0
1313,20,9.06,67.7,75.6,86.3,2.0,0.0,Intermediate,73.5,No,1
1314,20,7.52,86.1,77.5,56.7,3.0,2.0,Advanced,60.7,No,1
1315,22,7.5,62.0,66.5,78.0,3.0,0.0,Intermediate,64.8,Yes,0
1316,18,7.37,56.4,73.4,74.1,4.0,0.0,Advanced,60.1,No,0
1317,23,5.07,79.5,88.2,70.7,3.0,2.0,Advanced,67.0,No,0
1318,22,6.11,72.8,89.0,74.1,7.0,2.0,Intermediate,64.5,No,1
1319,21,8.56,89.9,46.7,52.6,1.0,0.0,Advanced,71.6,No,0
1320,20,5.97,85.1,86.2,75.7,,0.0,Intermediate,25.0,No,1
1321,20,8.33,91.3,54.6,65.0,2.0,2.0,Intermediate,46.4,Yes,0
1322,19,7.85,77.0,75.7,66.2,1.0,1.0,Intermediate,58.9,No,0
1323,19,6.25,76.4,95.6,66.3,3.0,2.0,Intermediate,52.6,No,0
1324,21,7.99,76.2,66.5,98.0,1.0,3.0,Advanced,80.6,No,1
1325,23,7.74,100.0,55.3,77.0,3.0,2.0,Intermediate,77.6,No,0
1326,20,9.2,72.8,61.8,76.8,4.0,1.0,Advanced,65.9,Yes,1
1327,18,7.36,91.6,52.4,95.1,2.0,1.0,Advanced,91.6,No,1
1328,22,7.36,58.4,77.0,86.7,4.0,0.0,Beginner,58.5,No,0
1329,22,6.02,54.6,60.7,86.6,4.0,2.0,Intermediate,89.2,No,0
1330,20,9.22,77.4,42.1,57.4,1.0,1.0,Intermediate,91.0,No,0
1331,21,4.88,68.1,57.4,68.7,4.0,3.0,Intermediate,76.7,No,0
1332,19,7.33,,57.7,68.9,1.0,1.0,Beginner,76.2,No,0
1333,19,7.58,98.6,77.5,83.3,1.0,4.0,Intermediate,98.5,No,1
1334,21,7.65,91.3,77.9,91.2,3.0,1.0,Intermediate,45.5,No,1
1335,20,7.67,90.1,71.6,79.5,2.0,1.0,Intermediate,49.1,Yes,1
1336,21,7.12,80.2,76.3,81.8,0.0,5.0,Intermediate,59.2,No,1
1337,20,8.91,87.3,68.8,84.5,2.0,0.0,Intermediate,74.9,No,1
1338,23,8.41,69.4,82.4,77.2,3.0,2.0,Intermediate,79.3,No,1
1339,21,8.24,81.4,52.4,52.6,2.0,1.0,Intermediate,36.1,No,1
1340,22,9.76,81.8,92.2,80.1,0.0,2.0,Intermediate,64.0,No,0
1341,19,6.47,93.6,43.5,60.7,1.0,1.0,Intermediate,86.5,No,0
1342,23,6.98,85.7,48.7,60.5,4.0,0.0,Beginner,45.3,No,0
1343,21,7.39,69.8,79.9,81.3,2.0,1.0,Intermediate,52.9,No,0
1344,19,5.78,69.1,70.0,58.2,0.0,2.0,Intermediate,74.7,No,0
1345,19,8.47,96.5,64.1,79.5,2.0,3.0,Beginner,47.5,No,1
1346,19,6.76,68.9,84.6,65.3,2.0,3.0,Advanced,69.8,Yes,0
1347,20,7.31,67.8,93.5,69.7,3.0,2.0,Advanced,67.9,No,1
1348,19,7.62,81.0,,66.1,1.0,2.0,Intermediate,59.8,No,1
1349,18,7.18,60.3,82.0,76.8,0.0,0.0,Intermediate,50.2,No,1
1350,20,6.17,61.8,72.0,66.7,4.0,3.0,Intermediate,71.4,No,0
1351,19,7.53,86.1,43.7,66.6,2.0,3.0,Advanced,38.6,Yes,1
1352,20,6.01,84.3,70.2,75.8,0.0,2.0,Intermediate,50.1,No,0
1353,21,7.23,83.0,83.2,67.7,2.0,5.0,Intermediate,88.2,No,1
1354,20,6.76,100.0,60.3,46.5,2.0,1.0,Intermediate,75.2,Yes,0
1355,18,7.81,86.7,90.4,62.0,2.0,2.0,Intermediate,83.1,No,0
1356,22,7.76,90.6,70.6,57.1,2.0,2.0,Intermediate,64.9,No,0
1357,20,6.89,65.8,83.7,77.5,2.0,3.0,Intermediate,86.9,No,1
1358,19,7.86,74.8,69.1,75.6,3.0,1.0,Advanced,74.6,No,0
1359,22,7.92,67.3,69.1,78.8,1.0,1.0,Beginner,61.0,Yes,0
1360,21,7.88,81.2,77.1,78.4,2.0,3.0,Intermediate,82.5,No,0
1361,20,5.68,82.8,45.6,85.1,2.0,1.0,Intermediate,74.0,Yes,0
1362,20,4.5,73.2,,72.0,3.0,0.0,Beginner,49.1,No,0
1363,18,7.12,77.7,84.7,79.9,2.0,0.0,Intermediate,70.7,No,0
1364,19,4.82,85.6,69.3,73.7,5.0,4.0,Intermediate,63.4,No,1
1365,21,7.52,81.8,60.6,68.5,1.0,1.0,Advanced,79.0,Yes,1
1366,18,5.6,85.4,72.9,41.6,3.0,1.0,Advanced,79.1,No,0
1367,20,7.64,76.8,97.6,71.8,3.0,4.0,Intermediate,60.2,Yes,1
1368,21,5.96,70.2,37.0,76.2,4.0,1.0,Beginner,48.4,No,0
1369,21,5.05,67.0,68.5,68.5,3.0,2.0,Intermediate,95.5,Yes,1
1370,21,5.08,68.3,62.0,66.7,2.0,2.0,Intermediate,67.7,Yes,1
1371,19,7.39,84.7,52.4,72.7,0.0,3.0,Intermediate,94.2,No,0
1372,20,5.02,83.4,98.7,49.8,3.0,2.0,Intermediate,86.2,No,1
1373,19,,75.0,63.2,77.2,0.0,3.0,Beginner,65.3,No,0
1374,21,7.41,79.3,84.9,75.8,0.0,4.0,Advanced,57.4,Yes,1
1375,19,8.69,60.9,48.0,100.0,2.0,2.0,Advanced,65.2,No,1
1376,20,8.62,79.2,44.9,57.6,2.0,2.0,Intermediate,77.9,No,1
1377,22,8.74,81.5,32.5,53.4,1.0,2.0,Intermediate,60.9,No,0
1378,18,5.95,67.2,82.5,100.0,0.0,1.0,Advanced,68.4,Yes,0
1379,22,6.71,83.1,100.0,100.0,2.0,1.0,Intermediate,80.2,No,1
1380,21,8.02,66.7,84.0,73.0,3.0,2.0,Advanced,65.7,No,0
1381,21,6.66,84.3,62.4,66.0,1.0,0.0,Beginner,56.5,No,0
1382,20,7.33,78.9,57.7,47.0,0.0,0.0,Beginner,76.3,No,0
1383,21,5.77,87.7,70.4,64.8,3.0,8.0,Beginner,91.6,Yes,1
1384,23,7.72,87.4,72.7,73.8,5.0,2.0,Intermediate,95.4,Yes,1
1385,19,7.22,94.4,42.2,78.0,5.0,3.0,Advanced,55.0,No,1
1386,18,6.04,73.6,94.3,95.5,1.0,1.0,Advanced,54.1,,1
1387,20,8.56,87.4,66.2,72.4,1.0,1.0,Intermediate,25.0,No,1
1388,19,5.97,74.8,82.6,87.3,2.0,3.0,,51.6,No,0
1389,22,7.8,78.8,100.0,62.2,1.0,2.0,Advanced,72.5,No,0
1390,21,8.39,77.0,95.6,91.4,2.0,1.0,Beginner,52.7,No,1
1391,19,7.16,68.5,51.9,55.8,1.0,0.0,Intermediate,75.8,Yes,0
1392,20,7.11,80.2,52.5,79.7,1.0,1.0,Intermediate,73.5,Yes,0
1393,20,8.3,91.4,42.3,63.4,1.0,1.0,Intermediate,57.8,No,0
1394,23,8.64,75.1,87.3,75.9,2.0,0.0,Intermediate,84.0,No,1
1395,20,7.11,90.1,42.2,80.2,2.0,5.0,Beginner,47.2,No,0
1396,20,6.51,49.3,76.1,73.7,1.0,1.0,Intermediate,57.5,No,0
1397,20,5.97,96.0,56.4,41.7,2.0,2.0,Intermediate,80.9,No,1
1398,21,6.46,65.4,68.6,87.6,0.0,1.0,Intermediate,52.5,No,0
1399,22,8.84,83.1,56.1,82.6,4.0,,Intermediate,58.1,No,1
1400,21,5.28,93.9,57.0,78.9,1.0,2.0,Intermediate,75.2,No,0
1401,20,6.44,62.0,83.0,65.4,5.0,1.0,Beginner,77.2,No,0
1402,19,5.69,82.3,72.8,55.2,2.0,3.0,Intermediate,51.6,No,0
1403,20,6.15,93.0,65.3,66.0,2.0,3.0,Beginner,74.4,Yes,0
1404,20,7.27,79.4,79.4,48.0,3.0,3.0,Advanced,56.2,No,1
1405,21,7.08,76.9,48.3,55.4,4.0,2.0,Beginner,46.2,No,0
1406,23,6.72,78.4,74.0,83.1,3.0,2.0,Intermediate,80.0,No,1
1407,22,7.24,80.9,54.1,30.0,4.0,1.0,Advanced,68.6,Yes,1
1408,21,7.39,84.3,68.5,77.9,1.0,0.0,Intermediate,59.0,Yes,1
1409,22,5.5,84.3,71.5,53.7,1.0,1.0,Intermediate,74.3,No,1
1410,21,7.31,71.2,83.1,79.6,0.0,0.0,Intermediate,61.3,No,0
1411,23,6.34,73.5,55.5,64.5,2.0,0.0,Intermediate,71.2,No,0
1412,20,6.47,88.2,65.6,73.1,3.0,1.0,Beginner,54.6,Yes,0
1413,19,6.54,94.2,41.8,51.3,2.0,1.0,Advanced,64.9,Yes,0
1414,21,5.81,77.2,67.8,67.3,0.0,,Beginner,44.3,No,0
1415,23,5.21,74.8,86.4,85.8,3.0,1.0,Advanced,75.8,Yes,1
1416,18,7.02,83.4,100.0,73.7,5.0,2.0,Advanced,44.5,No,1
1417,21,7.64,89.2,69.1,56.9,2.0,3.0,Intermediate,73.2,No,0
1418,20,6.63,80.1,47.5,82.0,2.0,0.0,Advanced,64.0,No,0
1419,20,5.71,79.8,84.0,57.4,2.0,2.0,Advanced,43.3,No,0
1420,22,7.53,88.4,65.4,86.6,2.0,0.0,Intermediate,64.5,No,0
1421,20,8.46,83.8,74.6,65.6,3.0,1.0,Intermediate,94.6,No,0
1422,21,7.05,90.2,79.5,74.9,1.0,1.0,Intermediate,73.0,No,1
1423,20,9.0,79.4,78.1,58.4,2.0,1.0,Intermediate,73.2,No,1
1424,22,6.83,76.1,44.3,83.0,1.0,2.0,Intermediate,77.5,No,0
1425,20,7.45,75.2,73.5,87.3,4.0,0.0,Intermediate,62.1,No,1
1426,19,7.04,65.1,49.7,72.4,1.0,1.0,Intermediate,57.3,No,0
1427,20,8.0,84.4,81.0,69.1,3.0,0.0,Advanced,83.6,,1
1428,20,7.66,72.6,95.0,37.5,1.0,2.0,Beginner,36.6,No,0
1429,22,8.15,95.0,76.3,97.7,4.0,2.0,Advanced,86.4,No,1
1430,20,7.35,68.3,31.5,65.0,3.0,1.0,Advanced,38.4,No,0
1431,19,8.15,78.2,81.8,69.0,3.0,0.0,Advanced,46.3,No,1
1432,20,8.16,69.3,61.8,100.0,3.0,0.0,Intermediate,69.0,No,1
1433,21,6.98,77.7,85.3,73.1,0.0,1.0,Intermediate,66.9,No,1
1434,20,6.73,66.9,100.0,49.6,4.0,1.0,Advanced,44.3,Yes,0
1435,20,5.18,66.7,88.0,68.6,1.0,2.0,Beginner,49.3,No,0
1436,21,8.38,76.7,59.0,81.6,3.0,1.0,Intermediate,77.1,No,1
1437,18,7.49,84.6,45.3,60.8,1.0,0.0,Intermediate,69.2,No,0
1438,19,6.24,95.7,69.2,61.7,1.0,0.0,Intermediate,63.6,No,1
1439,21,7.78,94.3,55.2,50.8,3.0,0.0,Beginner,72.2,No,0
1440,22,9.02,64.5,94.7,42.3,1.0,1.0,Intermediate,67.2,No,1
1441,22,7.82,74.6,83.9,66.0,1.0,1.0,Beginner,81.2,Yes,0
1442,21,7.95,100.0,55.6,45.7,2.0,5.0,Beginner,64.7,No,0
1443,23,8.35,72.3,83.5,100.0,3.0,4.0,Intermediate,65.8,No,1
1444,22,7.67,75.1,59.1,50.5,3.0,,Advanced,51.0,Yes,1
1445,21,8.37,72.2,85.2,64.3,2.0,0.0,Intermediate,74.3,No,0
1446,21,6.6,84.2,61.8,73.3,0.0,2.0,Intermediate,56.4,No,0
1447,22,7.01,88.8,82.5,73.9,2.0,2.0,Intermediate,58.0,Yes,0
1448,22,5.6,79.7,56.2,58.0,2.0,0.0,Advanced,100.0,No,0
1449,19,6.86,70.7,42.2,73.8,2.0,2.0,Beginner,73.3,No,1
1450,22,7.0,87.6,47.1,80.7,1.0,0.0,Advanced,87.2,No,0
1451,21,6.74,80.1,61.3,54.2,4.0,0.0,Beginner,52.6,No,0
1452,18,6.9,63.7,67.1,91.7,1.0,3.0,Intermediate,52.7,No,0
1453,19,5.41,68.2,41.2,68.3,1.0,1.0,Intermediate,27.3,Yes,0
1454,21,7.14,92.0,66.5,53.1,2.0,2.0,Intermediate,97.3,No,1
1455,20,8.26,93.8,80.6,53.4,0.0,1.0,Advanced,55.2,No,0
1456,22,8.14,77.9,82.3,51.9,0.0,2.0,Beginner,84.9,Yes,0
1457,21,7.1,86.9,59.5,90.6,3.0,1.0,Intermediate,63.5,No,0
1458,23,7.97,,42.3,88.2,4.0,2.0,Intermediate,59.2,No,0
1459,21,6.97,74.4,100.0,77.8,4.0,0.0,Intermediate,34.6,No,1
1460,19,7.84,75.1,43.7,59.5,2.0,0.0,Beginner,89.6,Yes,0
1461,22,7.65,83.3,68.4,100.0,0.0,0.0,Advanced,56.9,Yes,1
1462,21,7.1,86.1,94.2,54.8,3.0,1.0,Intermediate,,No,1
1463,19,5.3,67.5,62.0,59.3,2.0,2.0,Advanced,75.2,No,0
1464,20,4.93,75.2,68.5,78.6,4.0,0.0,Intermediate,33.6,No,1
1465,19,7.78,86.3,60.5,91.5,4.0,1.0,Intermediate,64.8,No,1
1466,20,6.16,94.9,68.8,38.4,2.0,2.0,Intermediate,84.6,No,0
1467,21,7.96,75.3,76.8,76.4,2.0,2.0,Intermediate,81.8,No,0
1468,20,9.29,70.1,71.9,58.7,2.0,3.0,Beginner,56.2,No,0
1469,21,8.01,72.5,52.4,52.5,3.0,2.0,Beginner,62.4,No,1
1470,22,6.97,73.5,81.6,75.5,4.0,3.0,Intermediate,93.3,No,1
1471,21,8.23,76.8,88.2,63.2,2.0,1.0,Advanced,69.3,No,1
1472,19,8.86,63.5,44.5,72.0,3.0,3.0,Advanced,70.2,No,1
1473,20,7.16,86.7,49.2,38.4,1.0,0.0,Intermediate,78.1,Yes,0
1474,20,8.48,54.7,68.7,76.1,0.0,1.0,Intermediate,78.8,,0
1475,20,7.47,59.9,73.0,86.5,1.0,2.0,Intermediate,86.6,No,1
1476,22,7.7,71.3,86.4,51.4,3.0,1.0,Advanced,60.2,No,0
1477,20,6.08,84.5,74.3,55.9,7.0,1.0,Beginner,68.2,No,0
1478,21,6.94,69.5,60.3,79.6,2.0,2.0,Intermediate,55.4,No,0
1479,20,6.37,82.0,90.2,88.6,2.0,2.0,Beginner,59.8,No,0
1480,22,6.89,78.7,70.3,78.3,3.0,1.0,Advanced,76.1,Yes,0
1481,19,6.48,59.3,82.1,88.6,2.0,1.0,Beginner,90.4,No,0
1482,20,7.99,91.6,55.5,35.5,3.0,1.0,Advanced,35.4,No,1
1483,21,6.08,76.3,75.0,54.7,1.0,0.0,Beginner,46.4,No,0
1484,20,6.45,78.8,79.0,75.0,1.0,1.0,Intermediate,58.3,No,0
1485,20,7.5,62.4,100.0,75.1,0.0,2.0,Advanced,66.1,Yes,0
1486,19,6.83,76.7,56.0,66.5,1.0,1.0,Intermediate,81.1,Yes,1
1487,23,6.55,87.7,79.1,56.3,,0.0,Beginner,67.4,Yes,0
1488,21,8.46,75.3,82.8,67.6,4.0,2.0,Advanced,,No,1
1489,21,6.89,68.4,77.7,49.7,1.0,4.0,Advanced,49.9,No,1
1490,22,8.68,77.4,62.3,59.2,2.0,0.0,Intermediate,90.0,Yes,0
1491,20,6.11,77.7,65.6,43.0,3.0,1.0,Beginner,69.7,Yes,0
1492,23,4.5,87.8,71.5,47.6,2.0,1.0,Intermediate,60.5,No,0
1493,19,7.26,90.4,76.4,69.9,2.0,2.0,INTERMEDIATE,66.0,No,1
1494,23,7.32,91.0,92.5,83.3,2.0,0.0,Intermediate,75.8,,1
1495,21,8.79,78.5,79.2,60.5,2.0,2.0,Intermediate,54.0,Yes,0
1496,20,6.16,97.4,49.9,64.5,1.0,1.0,Intermediate,68.9,No,0
1497,20,7.38,56.1,40.2,,4.0,1.0,Intermediate,63.8,No,0
1498,19,6.07,85.1,69.0,46.3,2.0,0.0,Intermediate,84.8,No,0
1499,23,7.6,74.4,68.2,54.8,0.0,2.0,Intermediate,54.3,No,0
1500,19,8.22,58.6,78.8,70.3,,0.0,Beginner,25.2,Yes,0
1501,22,7.45,67.5,68.2,65.5,1.0,1.0,Intermediate,100.0,No,0
1502,18,6.38,,51.6,75.3,3.0,1.0,Intermediate,59.4,No,1
1503,21,7.52,80.8,57.5,64.4,2.0,2.0,Intermediate,71.2,No,0
1504,22,8.73,73.6,61.4,89.8,2.0,3.0,Intermediate,56.2,Yes,0
1505,19,8.13,80.8,49.6,71.6,6.0,0.0,Beginner,37.1,No,1
1506,23,6.59,72.0,56.9,85.9,4.0,1.0,Beginner,70.0,Yes,0
1507,20,5.84,85.5,68.2,69.5,4.0,0.0,Advanced,59.2,No,1
1508,19,7.23,81.5,59.2,54.4,3.0,1.0,Intermediate,73.3,No,0
1509,20,8.08,66.0,73.2,79.3,3.0,0.0,Beginner,42.1,No,0
1510,23,7.47,80.1,76.6,75.9,2.0,0.0,Intermediate,74.1,No,0
1511,19,6.38,87.2,76.2,63.3,3.0,1.0,Intermediate,71.2,No,1
1512,21,6.3,70.3,69.7,51.6,3.0,3.0,Intermediate,54.5,No,1
1513,19,7.92,62.5,59.0,48.2,2.0,2.0,Advanced,67.9,Yes,1
1514,21,7.09,72.9,49.9,62.2,2.0,1.0,Advanced,45.9,No,0
1515,19,5.92,85.1,81.9,61.7,3.0,2.0,Advanced,78.4,No,1
1516,23,6.38,73.1,72.3,67.7,2.0,0.0,Intermediate,81.2,No,0
1517,22,7.75,85.5,80.9,67.8,1.0,2.0,Intermediate,60.8,No,0
1518,23,7.63,60.8,56.5,64.6,2.0,2.0,Advanced,58.1,No,0
1519,22,6.69,67.5,68.7,56.1,4.0,1.0,Intermediate,65.2,No,1
1520,20,7.71,82.9,43.5,83.4,1.0,0.0,Intermediate,,Yes,1
1521,20,6.86,81.1,71.6,84.9,1.0,2.0,Beginner,49.9,No,0
1522,20,5.94,75.1,52.1,84.8,2.0,3.0,Intermediate,83.1,No,0
1523,20,8.15,70.9,51.1,79.2,1.0,1.0,INTERMEDIATE,64.5,Yes,1
1524,19,6.9,87.8,66.4,74.6,2.0,1.0,Advanced,57.8,No,1
1525,23,6.73,75.3,60.7,100.0,3.0,2.0,Advanced,52.0,Yes,1
1526,20,9.15,95.5,63.9,79.3,5.0,1.0,Intermediate,78.2,No,1
1527,20,8.48,77.9,56.8,62.2,4.0,0.0,Intermediate,78.2,No,0
1528,22,7.54,78.3,78.8,49.3,3.0,3.0,Intermediate,57.8,Yes,1
1529,20,5.74,72.5,78.3,81.7,2.0,0.0,Beginner,46.4,No,0
1530,20,8.07,90.4,73.4,68.5,4.0,1.0,Intermediate,76.8,No,1
1531,21,7.19,63.2,74.5,62.1,2.0,3.0,Intermediate,56.4,Yes,1
1532,21,6.61,86.5,61.5,72.9,1.0,0.0,Advanced,64.3,Yes,1
1533,20,5.26,74.0,99.9,56.2,0.0,0.0,Advanced,96.4,No,1
1534,19,9.09,64.9,87.8,59.4,1.0,1.0,Intermediate,60.6,No,1
1535,21,5.8,80.3,66.0,56.6,5.0,3.0,Advanced,46.6,No,0
1536,19,8.69,68.4,73.9,61.8,0.0,2.0,Advanced,65.8,No,1
1537,21,7.33,92.6,44.0,81.6,3.0,2.0,Intermediate,62.7,no,0
1538,21,6.09,71.7,51.3,55.9,1.0,2.0,Intermediate,,No,0
1539,21,7.83,65.7,80.3,76.2,0.0,1.0,Advanced,49.4,Yes,1
1540,20,6.33,64.4,95.1,66.5,2.0,0.0,Intermediate,83.0,Yes,1
1541,20,6.28,95.2,90.9,47.2,2.0,2.0,Intermediate,75.4,Yes,1
1542,19,7.04,80.4,62.5,87.2,0.0,1.0,Beginner,67.0,No,0
1543,21,6.82,72.8,70.1,80.5,5.0,0.0,Intermediate,79.8,No,0
1544,21,6.2,85.6,53.8,58.6,3.0,1.0,Advanced,48.3,Yes,0
1545,21,7.27,77.4,62.2,73.2,3.0,1.0,Intermediate,67.9,No,0
1546,23,7.72,77.5,89.9,55.5,1.0,2.0,Beginner,68.1,No,1
1547,22,8.26,88.9,66.8,81.1,2.0,1.0,Advanced,85.3,No,1
1548,20,6.24,86.2,56.1,72.9,2.0,3.0,Advanced,69.9,No,0
1549,21,6.91,60.3,64.5,75.6,7.0,5.0,Intermediate,69.5,No,1
1550,21,5.81,78.6,47.8,56.7,2.0,2.0,Intermediate,78.1,No,1
1551,20,8.5,87.7,,68.8,1.0,5.0,Advanced,82.2,No,0
1552,19,8.48,81.6,84.2,64.1,3.0,1.0,Intermediate,52.5,No,1
1553,20,6.8,79.8,87.0,66.5,1.0,1.0,Advanced,76.1,No,0
1554,19,8.78,55.0,35.8,70.5,1.0,2.0,Intermediate,39.5,No,0
1555,21,6.58,90.0,65.1,40.3,1.0,1.0,Intermediate,62.6,Yes,0
1556,21,6.47,70.5,65.6,73.0,4.0,4.0,Advanced,64.2,No,0
1557,19,6.56,78.3,100.0,66.1,3.0,1.0,Intermediate,97.9,No,1
1558,19,7.16,,47.6,58.8,3.0,6.0,Intermediate,56.3,Yes,1
1559,19,7.49,89.9,72.9,93.2,1.0,1.0,Intermediate,58.7,Yes,0
1560,21,6.83,69.5,64.1,92.7,1.0,1.0,Intermediate,90.1,No,0
1561,23,7.75,82.9,77.8,,2.0,3.0,Intermediate,33.4,No,0
1562,19,7.7,73.4,59.8,57.5,3.0,2.0,Intermediate,70.3,Yes,1
1563,19,8.85,77.3,53.5,81.0,3.0,1.0,Intermediate,66.1,No,1
1564,21,6.47,79.1,73.4,60.5,1.0,2.0,Intermediate,26.8,Yes,0
1565,20,8.16,90.3,75.6,67.8,6.0,1.0,Advanced,72.1,Yes,1
1566,21,7.19,73.2,61.6,65.3,2.0,1.0,Beginner,74.3,No,0
1567,20,8.08,96.0,80.2,73.9,0.0,2.0,Advanced,44.9,No,1
1568,21,7.86,82.1,81.1,63.4,3.0,2.0,Beginner,82.6,Yes,1
1569,21,5.11,52.5,79.9,70.8,2.0,3.0,Intermediate,67.9,No,1
1570,21,7.72,77.7,69.7,67.0,2.0,1.0,Advanced,81.4,No,0
1571,21,5.85,59.3,83.8,62.8,3.0,0.0,Beginner,76.6,Yes,0
1572,21,7.94,82.0,91.5,72.9,2.0,3.0,Beginner,59.8,No,1
1573,21,7.67,78.3,49.6,63.4,2.0,1.0,Advanced,82.6,No,1
1574,20,7.12,78.4,62.3,52.1,0.0,0.0,Intermediate,66.7,No,0
1575,20,8.02,100.0,67.6,68.7,7.0,2.0,Intermediate,68.2,No,1
1576,20,7.82,73.9,63.8,56.2,3.0,0.0,Intermediate,67.3,No,0
1577,18,8.58,82.9,67.8,77.5,2.0,2.0,Intermediate,67.4,Yes,1
1578,18,5.95,100.0,61.4,67.6,3.0,3.0,Beginner,81.0,No,0
1579,20,8.13,90.5,35.0,64.7,0.0,3.0,Intermediate,93.5,No,1
1580,21,6.63,,55.5,87.7,2.0,1.0,Intermediate,60.1,No,1
1581,21,7.31,83.9,31.4,70.3,3.0,1.0,,65.3,No,0
1582,20,6.99,76.3,95.8,70.7,2.0,2.0,Beginner,72.4,No,0
1583,20,7.18,87.6,61.4,88.7,3.0,0.0,Advanced,78.0,No,0
1584,22,7.74,65.4,47.1,80.6,2.0,2.0,Intermediate,55.0,No,0
1585,21,7.08,80.2,30.1,76.7,1.0,0.0,Advanced,93.9,No,0
1586,21,5.85,70.5,82.6,80.3,4.0,1.0,Advanced,71.3,No,1
1587,22,9.46,83.6,72.9,68.7,3.0,2.0,Advanced,43.1,No,0
1588,23,7.42,93.1,35.8,66.9,2.0,1.0,Intermediate,57.0,No,0
1589,21,7.05,63.9,60.2,50.1,0.0,1.0,Intermediate,91.2,No,1
1590,23,8.34,78.9,68.5,58.3,5.0,0.0,Intermediate,38.6,No,0
1591,18,6.96,83.3,65.2,61.0,1.0,1.0,Intermediate,68.8,No,0
1592,21,6.71,71.7,70.5,84.2,2.0,3.0,Intermediate,71.1,No,1
1593,19,9.14,80.5,73.5,58.7,1.0,1.0,Intermediate,57.2,Yes,0
1594,19,6.98,86.9,67.8,73.2,1.0,2.0,Advanced,73.0,Yes,1
1595,20,9.06,81.3,45.2,75.1,2.0,1.0,Intermediate,44.2,No,0
1596,19,9.64,73.2,86.9,74.9,2.0,2.0,Intermediate,96.2,No,1
1597,21,5.96,89.5,67.7,84.1,4.0,3.0,Intermediate,89.7,No,1
1598,20,5.67,96.3,62.2,52.2,,4.0,Beginner,76.1,No,0
1599,19,7.21,80.4,68.2,91.0,3.0,1.0,Intermediate,67.5,Yes,1
1600,19,8.45,90.5,73.3,55.0,4.0,1.0,Intermediate,53.6,no,0
1601,18,6.53,82.2,47.2,66.7,3.0,2.0,Beginner,58.9,Yes,0
1602,23,6.7,64.6,62.5,77.3,2.0,0.0,Intermediate,57.0,Yes,1
1603,23,5.78,87.8,66.7,65.7,0.0,1.0,Beginner,63.9,No,0
1604,19,8.62,,73.3,54.3,2.0,0.0,Intermediate,77.0,No,1
1605,21,6.41,92.6,96.9,38.1,3.0,0.0,Advanced,51.0,No,0
1606,18,6.26,77.3,65.8,67.0,1.0,2.0,Beginner,83.2,No,0
1607,20,8.23,100.0,72.9,90.6,2.0,1.0,Intermediate,42.8,,1
1608,21,8.02,85.6,73.9,87.7,4.0,0.0,Intermediate,69.1,No,1
1609,19,7.39,78.7,60.9,39.6,1.0,0.0,Intermediate,71.7,No,0
1610,20,6.17,65.0,73.1,74.3,3.0,3.0,Intermediate,77.1,Yes,1
1611,19,6.91,68.9,58.5,75.0,0.0,1.0,Intermediate,73.7,No,0
1612,19,6.58,71.5,97.9,54.0,2.0,3.0,Beginner,63.2,No,0
1613,18,6.97,64.4,91.3,54.7,1.0,0.0,Intermediate,54.6,Yes,0
1614,20,8.45,97.6,69.7,60.7,2.0,2.0,Beginner,78.0,No,0
1615,20,7.75,86.9,66.8,57.2,3.0,2.0,Intermediate,82.5,Yes,0
1616,20,5.93,55.1,63.1,62.5,1.0,1.0,Intermediate,71.0,No,0
1617,19,5.71,78.8,75.4,57.4,3.0,2.0,Intermediate,57.5,No,0
1618,20,7.6,81.5,38.4,82.1,2.0,3.0,Intermediate,62.7,No,1
1619,18,7.82,78.8,63.1,60.0,1.0,2.0,Intermediate,79.0,No,1
1620,20,6.52,100.0,62.2,61.4,4.0,2.0,Advanced,45.3,No,1
1621,21,6.19,70.9,68.5,42.4,1.0,1.0,Beginner,50.1,Yes,0
1622,21,5.49,96.7,69.1,67.6,1.0,1.0,Intermediate,46.7,Yes,0
1623,24,8.04,77.1,56.5,60.1,3.0,3.0,Advanced,67.0,Yes,1
1624,20,7.79,100.0,76.9,47.4,4.0,1.0,Intermediate,58.2,No,1
1625,23,7.73,45.3,93.3,57.3,3.0,1.0,Beginner,59.3,No,1
1626,22,7.84,80.7,74.2,67.4,1.0,2.0,Advanced,75.7,No,0
1627,19,6.72,100.0,71.5,75.5,1.0,5.0,Intermediate,69.6,No,0
1628,20,7.34,84.8,71.2,91.9,4.0,2.0,Intermediate,66.4,Yes,1
1629,19,6.66,65.3,73.6,100.0,2.0,1.0,Beginner,60.5,Yes,0
1630,21,6.71,58.6,,66.8,1.0,4.0,Intermediate,42.5,,0
1631,21,4.95,69.4,55.6,50.9,3.0,0.0,Intermediate,64.6,No,0
1632,23,7.12,64.8,68.7,70.3,5.0,1.0,Intermediate,73.7,No,1
1633,18,7.72,63.0,78.5,58.4,5.0,2.0,Advanced,92.3,No,1
1634,20,8.03,97.0,74.9,69.9,4.0,0.0,Intermediate,49.6,No,1
1635,20,6.11,78.0,69.3,80.9,1.0,3.0,Advanced,60.8,No,0
1636,21,8.92,67.9,25.0,71.8,1.0,0.0,Advanced,65.2,No,0
1637,20,8.59,65.5,74.9,73.3,4.0,5.0,Intermediate,66.8,No,0
1638,20,6.41,62.8,73.4,68.8,2.0,1.0,Intermediate,74.3,No,0
1639,19,6.53,84.1,88.1,57.0,1.0,2.0,Intermediate,73.3,No,0
1640,23,8.03,81.2,92.3,54.6,1.0,4.0,Intermediate,89.3,No,1
1641,20,7.13,69.2,53.8,52.7,3.0,2.0,Advanced,69.6,No,0
1642,20,6.7,96.7,68.0,78.8,0.0,2.0,Beginner,90.1,Yes,0
1643,19,6.61,68.0,53.9,64.9,0.0,1.0,Advanced,62.4,Yes,0
1644,20,6.97,70.9,54.1,78.2,2.0,2.0,Intermediate,52.6,No,1
1645,20,8.52,80.4,80.7,62.7,4.0,0.0,Beginner,67.0,No,0
1646,19,6.75,66.1,70.1,65.4,3.0,2.0,Intermediate,39.9,No,0
1647,20,7.1,82.8,82.4,74.3,0.0,3.0,Advanced,64.3,No,0
1648,22,8.26,62.3,48.0,69.0,1.0,1.0,Intermediate,55.2,No,0
1649,22,8.73,68.7,66.3,54.5,0.0,2.0,Advanced,53.4,No,1
1650,21,6.93,95.5,59.7,55.8,2.0,3.0,Beginner,49.7,No,0
1651,20,6.59,79.8,47.8,73.3,2.0,0.0,Beginner,61.9,No,0
1652,21,7.55,82.6,,40.4,6.0,2.0,Intermediate,77.9,No,0
1653,20,7.89,72.2,84.0,80.8,1.0,3.0,Intermediate,46.8,No,0
1654,18,6.27,87.2,53.2,74.0,2.0,0.0,Advanced,70.7,Yes,1
1655,19,9.88,76.6,52.2,70.4,2.0,1.0,Advanced,65.3,Yes,1
1656,20,6.58,66.6,74.4,81.8,2.0,1.0,Beginner,67.3,Yes,0
1657,18,8.18,94.8,71.9,67.8,5.0,0.0,Intermediate,81.4,No,1
1658,19,6.46,81.4,68.9,84.0,2.0,0.0,Intermediate,67.6,No,0
1659,21,8.18,90.3,51.4,79.1,0.0,2.0,Intermediate,74.4,Yes,0
1660,23,9.3,75.6,100.0,65.6,6.0,1.0,Beginner,59.5,No,0
1661,18,6.78,68.4,83.8,58.2,3.0,1.0,Advanced,50.3,No,1
1662,21,5.41,83.1,97.6,72.5,2.0,3.0,Intermediate,54.5,No,1
1663,20,7.82,83.4,44.5,66.8,2.0,1.0,Advanced,52.6,No,0
1664,18,7.29,83.6,64.1,61.9,2.0,1.0,Intermediate,52.3,No,0
1665,21,5.5,85.6,52.1,69.0,1.0,1.0,Advanced,69.5,No,0
1666,21,9.02,70.3,49.5,59.5,1.0,2.0,Advanced,100.0,Yes,1
1667,22,6.74,99.3,75.7,96.6,2.0,2.0,Beginner,78.3,Yes,1
1668,21,5.95,85.7,77.2,67.9,5.0,4.0,Intermediate,51.5,No,1
1669,21,9.14,87.8,74.7,88.8,3.0,1.0,Beginner,75.9,No,0
1670,20,7.47,57.4,100.0,79.8,0.0,2.0,Intermediate,65.3,No,1
1671,20,7.76,60.6,89.9,95.6,3.0,5.0,Intermediate,59.1,No,1
1672,21,7.74,66.7,52.4,74.2,0.0,1.0,Intermediate,51.2,No,1
1673,19,9.45,59.7,74.8,53.8,4.0,2.0,Intermediate,,No,1
1674,19,7.41,74.8,74.8,75.4,2.0,3.0,Intermediate,48.8,No,1
1675,19,6.06,82.5,,85.9,1.0,0.0,Beginner,83.2,Yes,0
1676,21,4.5,81.0,81.6,50.2,1.0,0.0,Advanced,58.9,No,0
1677,20,6.66,86.0,95.2,75.3,1.0,4.0,Advanced,25.1,No,0
1678,20,8.88,100.0,85.6,96.2,2.0,3.0,Intermediate,62.0,No,1
1679,21,6.52,64.5,91.5,80.9,4.0,2.0,,40.4,Yes,0
1680,21,6.58,68.6,73.9,91.8,2.0,2.0,Intermediate,65.8,Yes,0
1681,19,8.76,90.0,41.9,67.7,2.0,2.0,Intermediate,50.8,No,1
1682,21,7.8,71.5,83.5,56.0,3.0,2.0,Intermediate,76.1,No,1
1683,20,6.65,63.1,54.6,73.8,1.0,4.0,Advanced,72.5,No,1
1684,20,7.57,68.4,57.8,70.8,3.0,,Intermediate,47.7,No,1
1685,19,7.26,80.6,60.5,83.1,0.0,1.0,Beginner,,No,0
1686,20,7.72,78.8,62.9,71.1,2.0,1.0,Intermediate,55.6,No,1
1687,19,7.31,78.2,73.1,60.8,4.0,2.0,Intermediate,50.9,No,0
1688,21,7.49,81.8,85.6,76.6,5.0,0.0,Beginner,70.1,No,1
1689,21,5.95,82.7,83.5,81.6,2.0,,Intermediate,65.8,Yes,0
1690,22,8.06,64.6,80.5,41.5,1.0,2.0,Intermediate,46.2,Yes,1
1691,19,7.77,70.9,67.1,49.0,2.0,1.0,Intermediate,75.9,Yes,0
1692,20,7.86,86.0,90.9,79.5,4.0,1.0,Intermediate,52.6,Yes,1
1693,20,7.89,82.3,65.8,87.0,5.0,0.0,Intermediate,87.6,Yes,1
1694,20,7.18,63.7,76.4,59.6,2.0,0.0,Beginner,80.6,No,0
1695,21,6.91,76.5,44.5,40.9,1.0,2.0,Intermediate,71.6,Yes,0
1696,20,4.5,80.3,43.4,43.1,3.0,5.0,Intermediate,63.8,No,0
1697,21,7.36,63.6,64.9,69.7,1.0,3.0,Intermediate,67.7,No,1
1698,19,4.5,45.9,78.1,56.2,3.0,2.0,Beginner,45.3,No,0
1699,19,7.6,67.3,78.6,85.5,2.0,1.0,Intermediate,86.4,No,0
1700,21,7.96,89.4,,65.0,2.0,1.0,Intermediate,63.8,No,1
1701,20,7.92,62.8,82.4,59.0,2.0,2.0,Beginner,54.9,Yes,1
1702,19,7.01,80.3,53.9,61.2,2.0,1.0,Advanced,49.0,No,1
1703,20,8.11,64.4,91.1,51.5,5.0,0.0,Advanced,53.3,Yes,1
1704,21,8.64,72.3,87.2,66.2,1.0,3.0,Intermediate,41.8,No,1
1705,19,6.95,100.0,53.2,73.2,1.0,2.0,Advanced,46.0,No,0
1706,19,7.09,84.1,,43.5,1.0,1.0,Advanced,59.3,No,0
1707,24,8.55,98.1,73.9,78.7,1.0,2.0,Advanced,53.5,Yes,1
1708,19,7.41,49.7,37.9,76.0,1.0,2.0,Intermediate,61.2,No,0
1709,20,9.7,78.1,63.1,62.2,2.0,2.0,Intermediate,60.5,Yes,1
1710,20,6.95,87.1,49.4,43.7,1.0,1.0,Intermediate,81.9,No,0
1711,22,7.58,82.2,66.9,65.9,1.0,5.0,Advanced,88.4,No,1
1712,19,6.3,78.9,75.4,64.5,2.0,0.0,Beginner,56.1,No,0
1713,19,7.51,68.4,66.9,64.4,1.0,0.0,Intermediate,35.2,Yes,0
1714,19,6.71,93.4,85.3,71.3,3.0,3.0,Beginner,84.2,No,0
1715,21,5.5,72.3,80.4,85.8,2.0,1.0,beginner,66.6,No,0
1716,20,5.19,96.6,77.4,50.3,3.0,1.0,Beginner,40.6,No,0
1717,19,7.6,79.2,57.4,50.6,3.0,2.0,Intermediate,66.5,No,0
1718,20,6.33,91.3,58.9,78.4,5.0,2.0,Intermediate,48.9,No,0
1719,23,7.09,66.0,66.4,80.2,2.0,0.0,Intermediate,87.7,No,0
1720,22,7.13,79.2,33.6,66.9,2.0,2.0,Intermediate,59.6,No,0
1721,20,6.74,87.4,90.1,,3.0,0.0,Advanced,78.8,No,1
1722,19,8.98,68.6,37.7,82.5,0.0,0.0,Advanced,51.2,Yes,0
1723,21,6.96,65.7,86.4,71.2,0.0,1.0,Advanced,55.1,Yes,0
1724,20,6.59,71.5,50.7,61.4,2.0,1.0,Advanced,60.7,Yes,1
1725,23,6.16,72.0,44.4,58.8,3.0,0.0,Intermediate,67.5,No,0
1726,18,8.08,97.9,75.2,68.6,2.0,2.0,Advanced,62.0,No,1
1727,20,6.76,53.8,82.1,78.5,0.0,2.0,Intermediate,46.3,NO,1
1728,20,8.49,70.8,66.9,92.1,2.0,4.0,Advanced,62.8,Yes,1
1729,21,7.76,95.5,67.4,73.8,0.0,1.0,Advanced,53.8,No,0
1730,21,6.7,76.1,48.5,67.7,3.0,0.0,,64.3,,1
1731,21,7.66,93.6,69.7,59.1,0.0,1.0,Intermediate,74.8,No,1
1732,20,7.77,77.9,55.1,66.6,4.0,1.0,Advanced,92.9,No,1
1733,20,6.33,73.0,65.6,55.2,3.0,1.0,Advanced,78.8,No,0
1734,19,7.46,97.8,67.4,86.2,3.0,1.0,Intermediate,58.8,No,0
1735,22,7.58,85.0,83.2,57.1,4.0,0.0,Intermediate,51.2,No,0
1736,20,7.29,77.3,85.4,68.3,3.0,2.0,Intermediate,84.0,No,0
1737,20,7.85,64.8,79.5,,5.0,0.0,Beginner,68.0,No,0
1738,21,7.06,75.3,68.6,84.6,3.0,1.0,Beginner,52.0,Yes,0
1739,21,8.87,69.9,40.1,60.4,2.0,3.0,Intermediate,100.0,No,1
1740,20,9.89,66.3,89.9,96.4,4.0,1.0,Intermediate,70.3,No,1
1741,18,6.79,89.9,57.4,31.7,1.0,1.0,Intermediate,62.8,No,0
1742,18,5.21,65.8,54.5,51.3,2.0,4.0,Intermediate,59.9,Yes,1
1743,22,7.62,63.6,60.1,61.2,2.0,1.0,Intermediate,83.7,No,1
1744,19,7.7,90.8,54.6,80.0,2.0,5.0,Intermediate,58.3,No,0
1745,21,7.38,77.4,69.6,68.6,1.0,1.0,Beginner,63.5,No,0
1746,21,5.9,56.1,59.1,81.7,3.0,2.0,Advanced,90.3,No,1
1747,19,7.61,82.9,86.6,64.7,1.0,3.0,Advanced,79.7,No,1
1748,20,8.12,67.5,45.6,79.6,1.0,1.0,Beginner,58.7,Yes,0
1749,20,6.36,77.0,57.7,80.7,4.0,1.0,Intermediate,64.5,No,0
1750,20,9.15,83.4,26.0,80.5,2.0,3.0,Beginner,68.6,No,1
1751,22,6.35,98.6,69.9,81.5,1.0,1.0,Intermediate,32.4,No,0
1752,22,8.05,85.1,94.1,92.8,0.0,1.0,Advanced,84.4,No,1
1753,19,7.08,65.1,58.0,58.6,2.0,0.0,Beginner,37.7,No,0
1754,20,5.7,92.6,59.4,73.9,0.0,0.0,Advanced,92.2,No,0
1755,19,7.23,71.4,59.4,42.8,2.0,2.0,Beginner,,No,0
1756,21,7.11,66.4,82.6,55.6,3.0,3.0,Intermediate,96.5,No,0
1757,20,10.0,84.2,84.0,97.1,2.0,1.0,Beginner,60.8,No,1
1758,20,8.38,82.4,40.9,82.4,3.0,1.0,Intermediate,82.1,No,0
1759,21,9.25,62.6,73.3,79.3,2.0,2.0,Intermediate,72.3,No,1
1760,21,,86.8,94.6,74.5,2.0,2.0,Intermediate,59.3,No,1
1761,21,7.3,76.4,55.2,67.3,1.0,2.0,Intermediate,60.2,No,0
1762,20,6.6,98.5,58.9,59.8,2.0,2.0,Advanced,49.0,No,0
1763,20,9.15,62.2,50.1,76.3,0.0,0.0,Intermediate,38.8,No,0
1764,19,6.09,71.4,57.6,78.7,0.0,1.0,Beginner,59.9,No,0
1765,21,7.29,90.8,42.1,36.6,2.0,1.0,Advanced,59.6,Yes,1
1766,22,6.63,79.8,73.3,52.7,0.0,0.0,Intermediate,81.9,No,0
1767,20,7.99,74.9,56.2,76.0,1.0,3.0,Intermediate,46.3,Yes,0
1768,20,9.35,83.1,70.2,55.2,5.0,1.0,Intermediate,54.6,No,0
1769,19,7.03,49.0,,67.1,1.0,4.0,Intermediate,72.0,Yes,1
1770,19,6.16,80.9,57.9,94.4,2.0,2.0,Intermediate,75.1,Yes,1
1771,19,8.35,73.0,98.0,89.2,2.0,0.0,Advanced,78.2,No,1
1772,21,5.59,58.5,55.3,66.3,1.0,3.0,Intermediate,73.7,No,0
1773,21,,84.5,60.7,56.9,2.0,0.0,Advanced,64.2,Yes,1
1774,19,6.61,73.9,60.5,84.7,1.0,0.0,Intermediate,67.4,Yes,1
1775,24,7.79,91.6,75.7,94.7,3.0,0.0,Intermediate,77.8,No,1
1776,20,7.72,83.5,53.5,59.6,2.0,0.0,Advanced,85.3,Yes,1
1777,22,6.2,78.6,83.9,81.2,2.0,1.0,Beginner,64.4,No,0
1778,24,9.23,78.4,81.8,60.9,2.0,3.0,Advanced,63.9,No,1
1779,22,8.72,89.5,73.2,,0.0,5.0,Advanced,79.3,No,1
1780,20,6.31,59.0,54.1,77.0,2.0,3.0,Intermediate,54.6,No,1
1781,18,6.07,94.8,56.5,76.6,2.0,1.0,Advanced,62.9,No,0
1782,20,6.83,85.5,25.0,69.9,2.0,3.0,Intermediate,80.2,No,0
1783,20,5.87,96.8,48.6,59.4,3.0,1.0,Advanced,55.9,No,0
1784,18,6.13,74.3,89.9,40.8,1.0,1.0,Intermediate,69.2,No,0
1785,22,8.35,73.7,72.4,100.0,2.0,4.0,Intermediate,61.3,No,1
1786,19,7.28,67.5,95.8,70.7,6.0,1.0,,64.6,No,1
1787,21,8.04,86.9,72.7,80.3,0.0,1.0,Intermediate,75.8,No,1
1788,19,9.51,69.4,62.9,93.1,0.0,1.0,INTERMEDIATE,62.0,No,0
1789,20,7.13,86.1,66.2,62.0,4.0,1.0,Intermediate,47.6,No,1
1790,20,6.68,81.8,68.6,66.8,3.0,0.0,Beginner,72.5,No,0
1791,21,7.21,74.9,39.5,63.2,2.0,1.0,Intermediate,70.6,No,0
1792,20,8.33,77.3,71.1,41.2,3.0,2.0,Intermediate,55.2,No,0
1793,20,7.49,87.3,82.5,54.7,0.0,0.0,Intermediate,78.2,No,0
1794,18,5.3,76.2,78.7,75.4,2.0,0.0,Intermediate,58.3,No,1
1795,19,6.54,85.0,52.4,67.5,1.0,3.0,Intermediate,76.5,No,0
1796,21,5.71,54.8,69.6,76.9,2.0,2.0,Beginner,82.1,No,0
1797,21,6.13,66.4,66.4,67.6,3.0,1.0,Advanced,59.3,No,0
1798,21,5.63,71.7,81.8,82.1,2.0,2.0,Intermediate,72.6,No,1
1799,19,7.78,89.1,62.5,64.7,0.0,2.0,Advanced,83.9,,1
1800,19,8.1,71.8,77.0,70.3,1.0,1.0,Intermediate,59.1,No,0
1801,19,7.07,84.7,36.1,89.3,1.0,5.0,Intermediate,63.6,No,0
1802,21,6.12,72.2,58.9,69.2,3.0,0.0,Intermediate,52.9,Yes,1
1803,21,7.36,66.4,84.6,99.9,4.0,1.0,Intermediate,74.1,No,0
1804,21,7.25,74.9,53.6,49.6,0.0,0.0,Intermediate,95.0,No,0
1805,23,6.23,75.4,88.0,57.9,1.0,1.0,Beginner,64.3,No,0
1806,22,6.35,85.7,59.5,63.9,3.0,3.0,Intermediate,68.2,Yes,1
1807,21,7.1,86.7,25.0,67.9,2.0,2.0,Intermediate,53.8,No,1
1808,20,6.94,88.0,79.0,95.6,5.0,3.0,Intermediate,44.1,No,1
1809,21,6.59,93.4,50.7,85.1,3.0,2.0,Advanced,72.8,No,0
1810,20,7.22,79.6,74.0,74.3,0.0,1.0,Intermediate,100.0,No,1
1811,21,7.31,62.6,87.6,74.1,4.0,1.0,Advanced,57.6,Yes,1
1812,19,7.89,65.6,72.4,52.0,3.0,1.0,Advanced,100.0,No,1
1813,20,8.43,74.6,66.9,73.1,2.0,1.0,Intermediate,57.0,No,1
1814,20,6.85,91.9,74.4,94.5,2.0,2.0,Advanced,66.6,No,1
1815,20,7.67,67.7,56.0,60.1,4.0,,Intermediate,98.7,Yes,0
1816,20,7.96,65.5,96.5,59.6,1.0,0.0,Intermediate,86.4,Yes,1
1817,21,5.42,82.4,100.0,71.9,0.0,0.0,Advanced,97.7,No,1
1818,21,7.23,72.0,88.0,85.2,5.0,3.0,Intermediate,100.0,Yes,1
1819,23,6.88,89.6,49.7,94.1,1.0,0.0,Intermediate,55.0,No,1
1820,19,7.5,72.9,72.8,89.2,3.0,2.0,Intermediate,63.6,No,1
1821,19,9.32,75.9,46.8,64.0,2.0,2.0,Beginner,84.7,No,0
1822,21,6.94,77.3,50.6,100.0,1.0,0.0,Advanced,50.8,No,0
1823,19,8.03,76.1,63.5,55.5,0.0,2.0,Advanced,61.6,No,0
1824,19,8.26,70.1,71.4,61.0,3.0,2.0,Intermediate,47.3,No,1
1825,19,7.81,67.5,65.4,75.0,1.0,5.0,Intermediate,49.0,No,0
1826,20,7.82,83.8,75.6,55.1,1.0,0.0,Advanced,65.0,No,1
1827,20,6.03,74.8,79.8,79.0,0.0,3.0,Beginner,63.7,Yes,0
1828,23,7.09,77.0,76.3,95.4,2.0,2.0,Intermediate,68.6,No,0
1829,21,7.26,62.8,72.2,72.8,0.0,1.0,Advanced,88.7,No,0
1830,21,7.05,77.5,67.2,35.2,,1.0,Beginner,54.0,No,0
1831,20,6.48,82.6,99.2,69.1,3.0,1.0,Intermediate,38.6,Yes,0
1832,19,7.91,85.4,74.5,77.2,3.0,1.0,Intermediate,71.3,No,0
1833,22,7.19,98.9,83.0,71.4,4.0,1.0,Advanced,66.5,No,1
1834,19,5.8,73.6,55.0,65.0,1.0,2.0,Advanced,58.5,No,0
1835,21,6.58,77.5,50.7,70.4,2.0,0.0,Beginner,51.1,No,0
1836,19,5.7,65.5,76.7,53.4,3.0,1.0,Intermediate,60.3,No,0
1837,20,5.68,61.1,73.3,71.5,2.0,3.0,Advanced,56.7,No,0
1838,19,7.94,87.9,87.6,66.7,2.0,1.0,Intermediate,65.8,No,1
1839,20,7.7,62.8,60.7,61.6,2.0,1.0,Advanced,68.8,No,0
1840,19,8.92,80.8,56.7,97.6,1.0,1.0,Intermediate,,No,0
1841,20,5.91,86.6,81.1,61.7,2.0,0.0,Intermediate,55.6,no,0
1842,18,7.76,97.5,89.1,83.8,2.0,3.0,Advanced,73.4,No,1
1843,19,7.74,87.7,42.6,79.7,4.0,0.0,Advanced,58.7,No,1
1844,21,7.81,89.9,93.6,88.7,1.0,,Intermediate,56.3,No,1
1845,20,7.94,86.1,37.5,32.5,1.0,2.0,Beginner,53.8,No,0
1846,20,7.8,90.4,89.7,67.3,8.0,0.0,Intermediate,67.7,No,0
1847,21,7.27,70.8,41.1,52.1,2.0,2.0,Advanced,48.3,No,0
1848,20,6.42,100.0,61.7,71.2,0.0,1.0,Intermediate,66.0,No,1
1849,19,8.27,71.9,62.9,72.1,,1.0,Beginner,73.2,No,0
1850,22,,71.4,70.6,61.6,2.0,0.0,Advanced,58.4,No,0
1851,20,6.16,93.2,49.4,97.2,2.0,1.0,,63.3,No,0
1852,18,7.31,100.0,34.4,83.0,1.0,0.0,Intermediate,34.1,No,0
1853,19,6.12,88.0,53.1,62.1,2.0,1.0,Intermediate,84.7,No,1
1854,20,7.48,87.9,82.8,100.0,3.0,1.0,Intermediate,100.0,Yes,1
1855,18,6.22,71.8,68.2,62.3,0.0,1.0,ADVANCED,68.8,Yes,1
1856,20,8.67,75.2,69.8,64.3,2.0,0.0,Intermediate,81.9,No,0
1857,23,6.62,67.3,61.5,87.5,5.0,3.0,Intermediate,91.8,No,1
1858,20,6.35,69.8,68.9,60.3,3.0,1.0,Intermediate,67.8,No,1
1859,19,6.79,97.7,80.2,71.2,2.0,1.0,Beginner,90.1,Yes,0
1860,18,7.6,63.1,96.3,73.0,0.0,2.0,Advanced,82.7,No,1
1861,20,6.51,88.2,63.5,91.7,2.0,2.0,Intermediate,51.0,No,0
1862,21,5.91,91.4,63.3,50.7,3.0,3.0,Beginner,72.1,No,0
1863,21,6.78,76.3,61.2,65.5,0.0,5.0,Beginner,45.2,No,0
1864,20,5.98,80.6,86.6,83.2,3.0,2.0,Intermediate,86.1,No,1
1865,20,6.91,45.0,81.0,65.9,1.0,1.0,Beginner,44.8,No,0
1866,20,6.94,80.4,52.1,70.0,4.0,1.0,Intermediate,64.3,No,1
1867,22,6.44,68.2,80.8,79.7,5.0,3.0,Advanced,27.4,No,0
1868,18,,53.3,63.6,66.0,1.0,3.0,Beginner,44.7,Yes,0
1869,19,8.25,83.1,58.3,63.7,3.0,0.0,Intermediate,45.1,No,0
1870,19,5.25,68.4,67.1,56.2,3.0,2.0,Intermediate,64.8,No,1
1871,23,9.1,76.5,72.9,81.5,2.0,0.0,Beginner,62.0,No,0
1872,20,7.27,77.4,57.9,80.4,3.0,0.0,Advanced,67.2,No,1
1873,19,7.47,85.4,54.4,67.2,1.0,,Beginner,75.0,No,0
1874,22,5.74,75.5,99.1,70.7,3.0,1.0,Intermediate,85.7,No,1
1875,20,5.0,74.4,70.8,53.8,1.0,2.0,Intermediate,50.1,No,1
1876,20,9.11,72.9,75.2,82.4,3.0,0.0,Intermediate,51.5,Yes,1
1877,20,7.45,75.6,75.5,62.3,2.0,2.0,Intermediate,62.1,No,1
1878,19,8.47,88.2,68.3,73.0,4.0,2.0,Advanced,82.4,No,1
1879,20,7.88,87.5,55.8,76.7,2.0,2.0,Beginner,46.6,No,0
1880,20,5.99,72.7,86.8,78.2,1.0,1.0,Advanced,94.1,No,0
1881,20,7.07,77.5,88.9,100.0,2.0,4.0,,43.4,No,1
1882,20,,75.3,82.7,77.0,1.0,1.0,,40.2,No,0
1883,19,7.2,65.3,54.5,47.6,1.0,3.0,Advanced,85.7,No,1
1884,22,,100.0,78.0,74.2,5.0,2.0,Intermediate,66.4,No,0
1885,22,7.96,69.7,77.9,80.0,4.0,3.0,Advanced,74.7,No,1
1886,20,6.27,84.8,74.3,48.7,2.0,2.0,Intermediate,74.8,No,0
1887,21,6.13,78.9,49.0,61.4,1.0,2.0,Intermediate,45.6,No,0
1888,22,6.69,89.2,84.1,72.0,3.0,2.0,Intermediate,85.2,No,1
1889,19,7.49,51.9,87.7,78.0,3.0,2.0,Intermediate,76.0,No,0
1890,19,6.52,86.1,64.8,59.2,3.0,1.0,Intermediate,71.4,No,1
1891,19,6.94,84.2,75.7,71.8,4.0,2.0,Beginner,70.6,,0
1892,21,8.11,49.0,65.7,73.7,2.0,1.0,Intermediate,71.2,No,0
1893,18,7.85,81.1,79.6,83.3,3.0,1.0,Intermediate,51.2,No,1
1894,21,6.66,85.1,56.4,89.2,1.0,2.0,Intermediate,61.2,No,0
1895,18,4.5,64.9,73.8,72.3,2.0,1.0,Advanced,72.8,No,0
1896,18,5.89,72.3,92.1,89.1,2.0,1.0,Intermediate,60.9,No,1
1897,23,7.1,75.5,64.1,62.5,2.0,0.0,Intermediate,66.9,No,1
1898,20,7.72,69.1,76.4,63.3,1.0,2.0,Intermediate,65.4,No,0
1899,20,6.2,74.1,64.0,69.1,0.0,1.0,Advanced,70.4,Yes,1
1900,20,7.68,97.9,66.2,55.6,2.0,1.0,Advanced,74.0,Yes,0
1901,21,6.72,84.7,61.1,67.2,1.0,1.0,Intermediate,66.9,No,1
1902,23,7.64,80.9,49.6,73.3,0.0,1.0,Intermediate,75.6,No,0
1903,20,5.84,87.7,33.8,85.5,0.0,,Beginner,58.7,No,0
1904,20,6.94,69.1,87.5,74.4,3.0,3.0,Advanced,72.6,Yes,1
1905,18,6.96,62.0,84.1,78.3,0.0,0.0,Advanced,81.6,No,1
1906,21,7.64,74.0,71.9,,4.0,5.0,Advanced,62.4,No,1
1907,20,6.43,80.1,77.0,49.2,4.0,0.0,Intermediate,91.1,No,0
1908,23,7.38,80.9,71.5,68.8,1.0,1.0,Advanced,51.2,No,0
1909,21,5.93,72.9,67.9,82.8,1.0,0.0,Advanced,80.9,No,1
1910,21,6.73,58.1,65.5,80.4,1.0,0.0,Intermediate,99.5,No,0
1911,21,4.66,82.4,83.4,82.0,3.0,4.0,Intermediate,91.7,No,1
1912,20,6.47,68.1,61.6,71.9,0.0,1.0,Intermediate,83.0,No,0
1913,20,6.03,69.8,46.7,78.2,3.0,1.0,Intermediate,85.4,No,0
1914,20,7.67,86.9,67.3,66.4,2.0,1.0,Advanced,62.0,No,0
1915,21,6.42,77.8,100.0,37.1,2.0,1.0,Intermediate,91.8,No,1
1916,19,7.54,95.8,82.5,83.6,0.0,2.0,Beginner,59.1,Yes,0
1917,19,7.49,76.5,72.6,82.4,5.0,0.0,Advanced,61.9,No,1
1918,22,6.81,77.0,65.5,56.4,4.0,1.0,Advanced,38.6,Yes,1
1919,21,7.41,75.0,68.3,65.9,1.0,1.0,Advanced,82.0,Yes,0
1920,22,9.45,78.3,79.6,57.6,2.0,1.0,Intermediate,77.6,No,1
1921,20,6.75,74.3,60.5,,1.0,5.0,Intermediate,65.5,Yes,0
1922,20,5.92,77.1,70.9,55.9,3.0,5.0,Beginner,79.4,Yes,1
1923,21,6.56,73.8,55.5,80.7,2.0,1.0,Intermediate,79.4,No,1
1924,22,7.48,83.0,67.1,58.9,3.0,2.0,Advanced,45.4,No,1
1925,22,7.7,86.6,65.8,94.7,,0.0,Advanced,99.7,No,1
1926,19,7.04,73.2,61.5,80.9,0.0,2.0,Intermediate,69.3,No,0
1927,23,7.11,73.8,57.2,72.8,0.0,4.0,Intermediate,73.8,No,1
1928,20,7.05,84.0,94.8,53.4,1.0,3.0,Intermediate,91.7,No,1
1929,21,4.6,96.4,68.1,89.1,2.0,4.0,Beginner,51.7,No,0
1930,24,7.75,70.1,28.4,70.7,0.0,2.0,Intermediate,52.8,No,0
1931,20,7.35,76.3,73.6,49.4,7.0,0.0,Intermediate,52.1,No,0
1932,21,7.65,81.7,60.2,71.5,1.0,2.0,Intermediate,67.0,No,0
1933,23,8.21,100.0,69.4,81.8,3.0,2.0,Advanced,93.4,Yes,1
1934,21,7.92,67.8,88.9,80.0,3.0,1.0,Intermediate,49.7,Yes,1
1935,21,8.33,100.0,58.8,78.7,4.0,2.0,Intermediate,,,1
1936,21,7.22,89.3,77.1,77.5,1.0,1.0,Intermediate,64.1,Yes,1
1937,21,6.65,81.5,78.4,72.6,3.0,0.0,Advanced,42.8,Yes,1
1938,23,7.81,58.4,52.6,83.3,0.0,2.0,Intermediate,31.1,No,0
1939,21,5.58,69.7,84.6,60.8,4.0,0.0,Intermediate,68.7,No,0
1940,19,8.46,75.7,67.1,48.6,1.0,1.0,Intermediate,45.8,No,0
1941,18,6.85,89.0,88.6,67.3,4.0,0.0,Intermediate,70.3,No,1
1942,18,7.61,74.8,66.9,69.6,1.0,4.0,Advanced,69.8,No,1
1943,23,6.48,85.0,79.5,55.1,1.0,1.0,Intermediate,57.1,Yes,0
1944,22,7.22,80.5,63.0,66.5,6.0,1.0,Intermediate,60.9,No,1
1945,21,8.06,72.8,,43.3,2.0,1.0,Intermediate,83.9,No,1
1946,22,6.15,82.7,73.2,62.0,3.0,1.0,Intermediate,68.6,No,0
1947,22,5.81,84.1,82.3,81.1,0.0,3.0,Advanced,65.0,No,0
1948,20,7.01,68.9,48.2,54.7,4.0,2.0,Advanced,100.0,No,1
1949,21,6.17,79.4,77.5,64.3,2.0,2.0,Advanced,82.5,No,1
1950,19,8.67,99.6,95.5,80.1,0.0,2.0,Intermediate,43.8,Yes,1
1951,23,6.94,89.4,85.0,90.4,3.0,1.0,Intermediate,66.9,No,1
1952,20,7.08,99.2,42.7,77.0,2.0,3.0,Intermediate,60.1,No,1
1953,19,7.13,79.2,67.7,45.7,1.0,3.0,Intermediate,64.6,No,0
1954,19,6.23,72.5,81.4,67.7,1.0,1.0,Beginner,62.3,No,0
1955,20,6.2,68.9,68.3,87.7,1.0,2.0,Intermediate,76.8,No,0
1956,22,9.41,71.9,49.0,62.3,5.0,2.0,Intermediate,68.8,Yes,1
1957,20,9.09,100.0,87.6,78.1,5.0,2.0,Intermediate,65.8,No,1
1958,18,6.72,63.9,68.3,75.0,2.0,1.0,Intermediate,82.1,Yes,1
1959,18,7.2,63.8,63.3,45.1,1.0,2.0,Intermediate,,No,0
1960,20,7.83,58.7,40.2,61.6,1.0,0.0,Intermediate,52.3,No,0
1961,22,6.71,77.9,49.6,56.5,2.0,0.0,Intermediate,74.8,No,0
1962,21,6.1,77.8,50.8,68.3,2.0,0.0,Intermediate,55.4,No,0
1963,21,7.23,75.8,52.2,79.2,0.0,3.0,Advanced,95.9,No,0
1964,22,7.67,81.9,68.7,69.6,0.0,0.0,Intermediate,60.0,No,1
1965,19,8.52,78.5,68.5,83.3,0.0,0.0,Intermediate,65.5,No,1
1966,20,8.78,64.8,34.4,49.4,4.0,1.0,Intermediate,67.4,No,0
1967,18,7.49,75.5,26.0,57.1,3.0,2.0,Advanced,37.4,No,0
1968,20,,92.9,63.6,69.1,3.0,2.0,Intermediate,67.7,No,1
1969,22,7.3,69.8,81.6,84.5,1.0,,Beginner,36.0,No,0
1970,21,8.78,86.7,37.5,60.9,0.0,2.0,Advanced,79.7,Yes,0
1971,20,6.15,74.6,72.1,79.6,5.0,1.0,Beginner,61.8,No,0
1972,21,8.46,86.1,70.2,51.5,4.0,2.0,Intermediate,51.7,Yes,1
1973,21,5.92,79.7,46.3,84.1,3.0,2.0,Intermediate,73.0,Yes,0
1974,20,7.59,73.7,83.5,100.0,2.0,2.0,Intermediate,60.6,No,1
1975,19,8.2,74.5,94.1,69.0,1.0,1.0,Advanced,37.2,No,1
1976,22,7.19,80.7,85.1,75.4,2.0,1.0,Intermediate,70.7,No,1
1977,20,6.91,81.7,35.4,90.4,2.0,0.0,Intermediate,72.9,No,0
1978,19,8.05,89.9,61.1,89.1,1.0,2.0,Advanced,73.7,No,1
1979,21,7.19,59.6,71.1,75.5,2.0,1.0,Advanced,93.8,Yes,1
1980,21,6.29,77.9,51.5,100.0,3.0,2.0,Advanced,50.0,No,0
1981,19,6.22,77.5,51.4,81.2,4.0,2.0,Intermediate,42.0,No,0
1982,20,6.44,78.7,54.8,73.9,1.0,0.0,Beginner,60.0,No,0
1983,23,7.67,66.8,77.1,78.8,2.0,1.0,Beginner,66.1,Yes,1
1984,21,6.03,67.0,60.7,75.5,3.0,0.0,Intermediate,72.6,No,0
1985,21,7.81,83.2,53.0,73.9,3.0,1.0,Advanced,68.2,No,1
1986,19,6.28,80.4,77.4,69.1,0.0,2.0,Advanced,51.2,Yes,1
1987,19,7.48,89.0,63.0,97.6,0.0,0.0,Beginner,51.3,No,0
1988,23,6.54,50.9,78.9,72.0,0.0,2.0,Advanced,56.9,No,1
1989,19,6.47,91.7,42.4,74.8,2.0,2.0,Beginner,53.4,No,1
1990,22,7.24,79.5,100.0,67.1,1.0,4.0,Intermediate,71.5,Yes,1
1991,18,6.61,85.1,83.7,75.4,2.0,0.0,Intermediate,63.4,No,1
1992,21,7.66,91.6,75.9,67.9,3.0,4.0,Intermediate,61.3,No,0
1993,18,6.53,88.4,56.4,78.6,2.0,3.0,Intermediate,60.4,No,1
1994,22,5.2,75.2,78.1,68.1,4.0,2.0,Intermediate,90.4,Yes,1
1995,20,5.11,74.6,76.5,66.1,2.0,2.0,Intermediate,83.7,No,1
1996,20,5.66,82.5,71.1,59.2,2.0,1.0,Intermediate,60.2,No,1
1997,20,8.05,80.5,45.2,71.6,2.0,1.0,Advanced,80.5,No,1
1998,21,7.29,90.4,74.5,58.6,3.0,4.0,Beginner,83.7,No,1
1999,21,6.05,50.6,74.7,81.6,0.0,1.0,Advanced,72.8,No,0
2000,21,6.73,80.4,72.0,67.1,2.0,0.0,Intermediate,72.4,Yes,0
2001,20,8.22,96.2,84.7,63.5,2.0,,Advanced,81.0,No,1
2002,19,5.84,86.8,99.1,76.9,1.0,1.0,Beginner,73.8,No,0
2003,20,7.69,80.8,91.2,81.7,0.0,1.0,Advanced,82.9,No,1
2004,22,7.98,89.7,66.9,71.4,1.0,4.0,Beginner,59.7,,1
2005,19,5.65,65.6,63.9,42.1,4.0,1.0,Intermediate,78.2,No,0
2006,20,6.91,78.7,75.9,59.9,2.0,1.0,Advanced,67.9,Yes,0
2007,18,5.46,84.7,25.0,59.1,4.0,1.0,Intermediate,52.0,Yes,0
2008,19,8.04,92.2,84.2,64.1,2.0,2.0,beginner,38.2,No,0
2009,19,6.62,76.1,49.1,70.4,1.0,2.0,Advanced,64.3,No,0
2010,21,5.8,74.4,76.4,76.8,4.0,4.0,Intermediate,32.8,,0
2011,19,7.25,74.0,68.0,69.1,2.0,1.0,Intermediate,70.7,No,0
2012,23,7.04,78.9,64.9,77.1,6.0,1.0,Intermediate,84.3,Yes,1
2013,20,7.52,67.3,59.7,82.9,0.0,0.0,Beginner,49.7,No,1
2014,21,5.69,83.2,73.3,73.9,4.0,1.0,Intermediate,64.1,No,1
2015,20,9.13,86.3,35.5,89.5,1.0,2.0,Intermediate,66.0,No,1
2016,20,7.56,92.0,51.9,79.7,3.0,3.0,Intermediate,96.9,No,1
2017,20,6.25,95.3,71.4,53.4,2.0,1.0,Intermediate,78.5,Yes,1
2018,20,8.72,64.4,62.9,91.9,2.0,6.0,Intermediate,65.4,Yes,1
2019,24,7.28,87.5,58.6,94.7,2.0,1.0,Intermediate,66.6,No,1
2020,19,6.33,67.7,57.4,71.8,6.0,1.0,Intermediate,91.8,No,1
2021,23,6.81,69.1,68.7,96.4,3.0,0.0,Advanced,74.4,No,1
2022,19,7.66,85.3,77.2,55.1,2.0,1.0,Beginner,66.0,No,0
2023,21,7.72,76.1,45.9,80.6,2.0,1.0,Advanced,53.8,No,0
2024,19,7.76,94.2,63.4,60.4,2.0,4.0,Intermediate,61.9,Yes,1
2025,20,7.52,74.6,72.3,71.0,1.0,1.0,Intermediate,62.5,No,1
2026,21,8.03,89.3,53.5,55.2,1.0,0.0,Intermediate,77.6,No,0
2027,22,7.09,83.9,75.2,76.2,0.0,2.0,Intermediate,51.4,No,0
2028,20,6.89,,48.2,59.8,4.0,2.0,Intermediate,81.3,No,1
2029,21,7.1,80.7,82.0,89.7,1.0,2.0,Intermediate,82.9,No,0
2030,20,8.36,80.1,60.0,60.8,1.0,1.0,Intermediate,65.1,No,0
2031,19,7.45,67.8,56.3,79.9,0.0,1.0,Advanced,50.4,No,0
2032,23,5.43,73.0,75.9,57.7,1.0,2.0,Intermediate,63.1,No,0
2033,22,6.01,75.2,57.5,,1.0,3.0,Beginner,83.4,No,0
2034,23,6.14,60.1,71.6,73.7,2.0,1.0,Intermediate,68.3,No,0
2035,23,7.27,74.4,54.1,93.0,4.0,1.0,Intermediate,35.1,No,0
2036,22,8.87,69.0,75.9,76.4,6.0,0.0,Intermediate,86.4,No,1
2037,20,5.52,77.6,67.3,68.0,3.0,2.0,Intermediate,49.6,Yes,0
2038,20,5.44,75.0,56.8,63.4,4.0,1.0,Beginner,48.7,Yes,0
2039,20,5.51,100.0,85.9,94.6,3.0,0.0,Beginner,53.1,No,0
2040,19,7.06,66.1,29.9,54.7,0.0,2.0,Intermediate,73.1,No,0
2041,20,6.52,63.0,58.3,72.9,6.0,3.0,Intermediate,50.5,No,1
2042,21,8.0,60.9,60.9,96.8,4.0,3.0,Beginner,52.0,No,0
2043,22,5.24,75.9,61.0,55.4,4.0,2.0,Advanced,97.7,No,1
2044,20,7.55,85.8,87.7,76.7,2.0,1.0,Intermediate,63.0,No,1
2045,21,6.52,82.4,58.8,58.5,0.0,1.0,Intermediate,31.4,,0
2046,19,8.3,82.1,84.5,78.6,2.0,0.0,Advanced,61.3,No,1
2047,22,7.23,100.0,,91.1,5.0,2.0,Intermediate,48.2,No,1
2048,20,6.42,95.3,55.3,100.0,3.0,1.0,Beginner,68.2,No,0
2049,21,5.78,96.4,45.9,89.8,1.0,1.0,Intermediate,86.6,No,0
2050,22,8.39,80.8,67.8,76.7,2.0,1.0,Beginner,97.7,No,1
2051,20,6.65,82.4,55.7,68.3,3.0,1.0,Intermediate,58.4,Yes,0
2052,19,5.85,95.4,70.5,61.5,0.0,3.0,Intermediate,68.9,No,0
2053,20,6.23,73.0,54.8,49.5,0.0,1.0,Intermediate,97.3,No,0
2054,21,7.27,83.1,97.4,88.5,1.0,5.0,Beginner,66.0,Yes,0
2055,22,7.39,56.5,,42.6,,1.0,Advanced,66.2,No,1
2056,18,6.51,60.7,66.8,83.0,1.0,2.0,Intermediate,62.1,Yes,1
2057,21,6.94,74.5,78.6,74.8,1.0,2.0,Intermediate,39.8,No,0
2058,19,6.72,88.7,49.8,96.7,4.0,2.0,Intermediate,57.8,No,1
2059,19,8.36,64.0,61.4,68.6,4.0,1.0,Beginner,76.8,No,0
2060,19,6.43,85.8,79.4,84.3,1.0,0.0,Beginner,64.3,No,0
2061,19,6.24,83.7,61.9,87.2,3.0,1.0,Intermediate,84.5,No,0
2062,20,6.0,67.9,56.5,80.6,2.0,1.0,Beginner,47.0,No,0
2063,20,6.86,77.5,61.4,69.1,4.0,0.0,Intermediate,71.9,No,0
2064,22,8.0,92.0,73.5,72.4,5.0,4.0,Beginner,63.0,No,0
2065,22,7.16,98.2,80.7,48.1,2.0,2.0,Advanced,74.4,Yes,0
2066,21,7.1,84.4,52.2,79.8,3.0,5.0,Advanced,45.2,No,1
2067,19,,87.6,84.0,78.5,3.0,0.0,Intermediate,75.8,No,1
2068,20,7.97,56.6,85.3,58.9,1.0,2.0,Intermediate,31.7,No,0
2069,20,7.38,77.6,67.6,75.9,4.0,2.0,,80.3,Yes,1
2070,23,9.21,71.3,100.0,83.0,4.0,0.0,Advanced,64.8,No,1
2071,22,5.57,80.6,81.8,73.5,2.0,3.0,Intermediate,69.4,No,1
2072,22,8.48,87.5,66.1,46.8,0.0,1.0,Intermediate,51.9,No,1
2073,22,7.91,66.0,78.4,94.3,0.0,4.0,Intermediate,90.6,No,1
2074,21,5.84,88.3,49.0,66.9,1.0,0.0,Intermediate,68.0,Yes,1
2075,21,8.43,66.8,43.2,76.0,2.0,,Advanced,81.9,No,1
2076,20,8.42,56.0,68.6,50.0,6.0,2.0,Intermediate,57.7,No,0
2077,21,,88.0,56.5,50.5,2.0,1.0,Advanced,45.9,No,1
2078,20,6.33,95.3,61.7,65.1,1.0,0.0,Intermediate,83.1,Yes,0
2079,20,6.59,92.9,69.1,67.7,3.0,5.0,Intermediate,43.4,No,1
2080,19,8.59,72.0,77.2,68.6,1.0,2.0,Advanced,49.5,No,0
2081,19,7.69,83.7,50.5,66.8,3.0,4.0,Intermediate,54.4,Yes,0
2082,19,6.08,62.5,88.0,80.2,7.0,3.0,Advanced,82.4,No,1
2083,20,8.72,79.5,87.0,77.7,2.0,2.0,Advanced,46.9,No,1
2084,20,8.18,93.8,73.1,90.7,3.0,2.0,Intermediate,60.7,No,0
2085,20,5.94,100.0,90.2,79.9,1.0,2.0,Advanced,57.5,No,0
2086,22,7.49,63.5,64.8,65.4,3.0,1.0,Beginner,65.9,Yes,0
2087,19,7.2,76.2,51.5,76.9,0.0,0.0,Intermediate,59.0,Yes,0
2088,20,7.3,79.7,75.9,84.2,1.0,2.0,Beginner,69.9,No,0
2089,19,7.91,82.2,80.6,100.0,1.0,1.0,Advanced,53.7,No,1
2090,23,7.66,87.8,72.8,64.0,1.0,0.0,Intermediate,61.7,No,0
2091,20,8.16,69.1,65.2,83.0,3.0,3.0,Intermediate,81.8,Yes,1
2092,21,7.03,81.3,68.8,64.2,0.0,2.0,Intermediate,55.7,Yes,0
2093,23,6.86,67.3,69.4,78.4,1.0,1.0,Advanced,59.7,No,0
2094,21,7.07,100.0,65.9,57.4,3.0,1.0,Intermediate,72.4,No,0
2095,20,4.5,58.3,74.0,84.8,1.0,2.0,Intermediate,54.8,Yes,0
2096,20,6.94,54.6,61.0,65.4,2.0,4.0,Beginner,54.2,Yes,1
2097,21,8.52,63.2,81.5,67.8,3.0,2.0,Advanced,58.5,No,0
2098,20,6.49,72.4,89.5,97.2,3.0,2.0,Advanced,71.5,Yes,1
2099,21,5.8,79.6,89.0,84.7,3.0,3.0,Beginner,59.9,No,0
2100,19,7.69,83.5,67.9,47.1,2.0,1.0,Intermediate,45.1,No,0
2101,18,9.75,78.4,86.9,61.6,1.0,2.0,Beginner,50.4,No,1
2102,20,6.71,82.5,81.0,71.7,3.0,1.0,Advanced,73.6,No,0
2103,21,7.67,81.8,71.0,71.1,3.0,1.0,Advanced,51.7,Yes,1
2104,24,6.7,56.4,83.6,64.2,0.0,5.0,Intermediate,68.2,No,1
2105,19,5.88,65.1,45.6,70.0,1.0,0.0,Intermediate,90.1,No,0
2106,21,6.73,79.7,81.4,77.9,4.0,1.0,Beginner,70.4,No,0
2107,21,6.75,69.1,53.7,93.3,0.0,3.0,Intermediate,28.4,No,0
2108,20,6.83,73.2,46.8,55.6,3.0,2.0,Beginner,44.6,No,0
2109,22,5.99,77.5,70.2,66.5,1.0,1.0,Advanced,48.7,No,0
2110,20,5.81,86.3,49.2,84.5,3.0,2.0,Beginner,69.0,No,0
2111,20,5.66,89.4,74.3,92.4,1.0,2.0,Advanced,50.5,No,0
2112,18,7.11,88.5,83.5,82.8,4.0,4.0,Intermediate,69.2,No,1
2113,21,7.19,76.3,68.6,48.8,3.0,2.0,Beginner,83.5,No,1
2114,21,8.2,100.0,68.4,62.7,1.0,2.0,Intermediate,89.8,No,1
2115,21,8.11,81.6,60.4,54.6,2.0,1.0,Intermediate,86.3,No,0
2116,21,6.28,77.2,78.4,74.4,3.0,2.0,Intermediate,55.2,Yes,0
2117,21,6.54,73.3,39.8,86.8,1.0,1.0,Intermediate,68.1,No,0
2118,21,6.42,86.6,46.2,49.9,8.0,1.0,Beginner,62.0,NO,0
2119,19,5.76,87.8,48.3,39.5,4.0,2.0,Intermediate,95.3,Yes,0
2120,19,6.6,79.3,88.0,48.4,1.0,0.0,Advanced,73.4,Yes,1
2121,20,5.59,74.4,54.3,64.5,3.0,3.0,Advanced,69.9,No,0
2122,21,5.31,72.4,69.0,83.8,4.0,5.0,Intermediate,49.0,No,1
2123,20,7.94,88.4,62.7,58.4,1.0,3.0,Intermediate,69.7,Yes,1
2124,19,7.11,100.0,62.1,51.0,2.0,2.0,Advanced,82.4,Yes,1
2125,21,6.32,71.2,41.1,68.2,1.0,3.0,Intermediate,55.2,No,0
2126,19,7.69,64.2,77.6,63.8,3.0,1.0,Intermediate,82.6,No,1
2127,20,7.77,68.7,42.7,76.2,2.0,2.0,Intermediate,71.6,No,0
2128,22,8.58,87.4,57.3,88.3,3.0,0.0,Intermediate,60.6,No,1
2129,19,6.71,69.6,59.7,59.3,3.0,3.0,Beginner,69.8,No,0
2130,20,7.31,80.4,83.7,73.2,4.0,0.0,Intermediate,,No,1
2131,23,6.74,92.2,67.0,55.5,4.0,0.0,Intermediate,39.1,No,0
2132,20,6.54,67.7,83.6,63.6,4.0,2.0,Intermediate,,No,0
2133,19,8.16,76.9,52.3,54.9,4.0,,Intermediate,71.5,No,0
2134,18,7.6,77.4,82.5,64.5,1.0,2.0,Intermediate,55.2,Yes,1
2135,20,6.08,83.8,64.0,65.0,1.0,0.0,Advanced,67.5,Yes,0
2136,22,7.19,85.8,69.4,75.3,2.0,1.0,Intermediate,77.8,Yes,1
2137,19,7.79,59.3,56.2,69.7,5.0,1.0,Intermediate,99.7,No,0
2138,21,6.97,87.0,76.3,62.0,3.0,2.0,Intermediate,,No,1
2139,18,7.08,72.3,95.1,55.3,2.0,2.0,Intermediate,83.9,No,1
2140,18,9.55,63.5,86.0,100.0,4.0,3.0,Intermediate,60.3,Yes,1
2141,20,6.28,78.5,83.9,71.3,1.0,0.0,Intermediate,43.2,Yes,0
2142,19,6.52,78.9,66.7,54.2,1.0,1.0,Intermediate,53.4,No,1
2143,23,8.69,89.1,79.8,85.7,6.0,2.0,Intermediate,70.4,Yes,1
2144,21,7.3,69.5,57.8,51.4,2.0,3.0,Beginner,86.3,No,0
2145,20,7.02,91.1,69.2,78.9,3.0,3.0,Advanced,,No,1
2146,20,5.88,83.5,57.0,83.6,5.0,1.0,Intermediate,53.0,,0
2147,19,7.51,72.5,67.3,61.9,1.0,0.0,Intermediate,85.6,No,1
2148,21,7.74,80.6,100.0,91.9,3.0,1.0,Intermediate,54.0,Yes,1
2149,23,8.35,84.9,68.5,100.0,1.0,1.0,Advanced,65.9,NO,0
2150,20,8.53,87.2,61.7,62.6,4.0,2.0,Intermediate,64.6,No,0
2151,20,7.54,78.6,44.5,76.5,4.0,0.0,Advanced,62.0,Yes,0
2152,19,6.51,79.3,76.8,60.7,1.0,3.0,Intermediate,64.1,No,0
2153,19,5.95,90.4,47.9,62.7,2.0,1.0,BEGINNER,55.6,No,0
2154,18,8.75,83.0,79.5,71.0,2.0,1.0,Intermediate,72.9,Yes,1
2155,21,6.6,68.1,67.7,78.9,1.0,1.0,Intermediate,81.7,No,1
2156,21,8.42,67.0,53.6,63.9,4.0,2.0,Advanced,,Yes,1
2157,21,7.96,82.8,51.5,66.2,2.0,1.0,Beginner,68.0,No,0
2158,19,6.94,82.6,80.9,75.0,0.0,3.0,Advanced,92.6,No,0
2159,19,8.66,74.2,79.5,88.3,2.0,4.0,Advanced,66.0,No,1
2160,20,7.15,83.4,73.2,76.3,3.0,0.0,Beginner,59.4,No,0
2161,21,8.54,84.4,92.4,55.4,1.0,1.0,Beginner,52.7,Yes,0
2162,21,6.97,66.7,86.9,74.2,0.0,2.0,Intermediate,53.9,No,0
2163,21,6.89,97.7,60.9,53.5,0.0,0.0,Intermediate,60.7,No,1
2164,19,7.11,72.9,62.6,81.4,3.0,0.0,Beginner,55.3,Yes,0
2165,20,9.38,82.3,77.6,69.4,2.0,0.0,Intermediate,71.0,No,1
2166,19,7.64,61.8,66.9,65.3,2.0,2.0,Intermediate,60.0,No,0
2167,20,7.19,62.4,77.3,62.3,4.0,1.0,Advanced,65.6,No,1
2168,22,5.55,68.3,79.0,76.8,1.0,2.0,Beginner,48.0,Yes,1
2169,22,6.48,61.5,58.2,73.3,1.0,0.0,Advanced,46.5,Yes,1
2170,21,5.88,68.4,77.1,74.4,2.0,1.0,Advanced,63.1,No,1
2171,19,5.07,78.0,62.1,73.3,6.0,1.0,Intermediate,37.1,Yes,1
2172,19,6.31,73.4,94.6,68.1,2.0,1.0,Advanced,80.3,No,0
2173,22,9.23,83.2,67.6,67.0,2.0,0.0,Intermediate,72.0,No,1
2174,20,8.39,84.1,47.6,76.3,4.0,4.0,Beginner,51.8,No,0
2175,19,8.25,73.2,82.1,71.7,0.0,4.0,Intermediate,78.9,No,1
2176,22,6.72,67.0,57.1,86.4,4.0,0.0,Beginner,68.9,No,0
2177,20,6.55,85.7,87.6,57.6,3.0,1.0,Intermediate,64.7,No,0
2178,22,5.46,66.6,90.9,68.6,0.0,1.0,Advanced,71.7,Yes,0
2179,18,8.11,80.3,48.5,71.3,3.0,2.0,Advanced,55.5,No,1
2180,19,6.86,79.5,59.8,67.3,1.0,1.0,Intermediate,72.0,Yes,0
2181,20,6.97,86.4,100.0,64.0,1.0,2.0,Intermediate,82.9,Yes,1
2182,19,7.88,62.3,72.6,70.3,2.0,1.0,Advanced,56.3,Yes,0
2183,19,6.03,89.0,68.6,72.7,1.0,1.0,Beginner,85.7,No,0
2184,20,8.23,87.8,71.6,80.3,0.0,1.0,Intermediate,66.6,No,1
2185,20,5.5,80.9,68.4,66.0,2.0,2.0,Intermediate,59.5,No,0
2186,20,5.56,78.2,76.3,65.5,0.0,1.0,Intermediate,59.0,No,0
2187,19,8.22,86.9,64.8,57.4,1.0,2.0,Advanced,57.6,No,0
2188,23,7.53,52.6,67.0,79.2,1.0,3.0,Intermediate,58.4,Yes,0
2189,20,7.39,90.8,89.1,90.8,5.0,2.0,Advanced,82.6,No,1
2190,20,5.15,74.3,55.3,75.9,2.0,5.0,,79.4,No,0
2191,20,8.0,82.4,62.6,60.7,2.0,1.0,Intermediate,76.3,No,1
2192,21,8.6,60.4,57.6,59.0,2.0,5.0,Beginner,91.8,No,1
2193,20,6.8,72.8,88.1,56.7,0.0,1.0,Beginner,86.7,No,1
2194,20,6.71,80.8,62.4,71.3,1.0,0.0,Advanced,80.1,Yes,1
2195,20,9.02,58.7,57.9,48.1,2.0,3.0,Intermediate,84.1,No,0
2196,21,6.35,92.7,47.4,100.0,1.0,1.0,Beginner,42.0,No,0
2197,19,4.95,87.6,70.5,65.0,0.0,3.0,Intermediate,51.0,No,0
2198,21,7.73,92.8,84.6,81.4,3.0,0.0,Advanced,58.7,No,0
2199,20,6.36,85.2,53.1,86.5,3.0,5.0,Intermediate,70.0,No,1
2200,22,7.96,,67.9,58.3,1.0,0.0,Beginner,87.5,No,0
2201,20,6.47,73.8,58.8,78.4,1.0,2.0,Intermediate,60.8,No,0
2202,19,6.9,80.3,45.1,59.6,1.0,1.0,Advanced,87.2,No,0
2203,19,6.74,78.7,78.0,77.5,2.0,2.0,Intermediate,65.0,Yes,0
2204,19,6.43,95.1,82.5,54.6,4.0,1.0,intermediate,74.3,No,0
2205,21,7.24,66.8,78.2,42.7,3.0,0.0,Intermediate,61.1,,0
2206,19,8.69,78.0,58.7,65.8,1.0,1.0,Intermediate,88.5,,0
2207,20,6.11,77.7,62.4,74.4,9.0,4.0,Intermediate,93.9,No,0
2208,19,7.59,79.1,89.8,77.5,5.0,1.0,Intermediate,58.5,No,0
2209,19,6.57,70.8,68.8,72.7,1.0,4.0,Beginner,55.1,Yes,1
2210,22,7.04,84.0,62.3,62.9,1.0,1.0,Intermediate,76.6,Yes,0
2211,23,8.06,83.4,49.3,80.9,2.0,1.0,Intermediate,58.1,No,1
2212,21,7.2,66.1,37.2,54.2,1.0,3.0,Intermediate,68.6,No,1
2213,22,,59.8,68.8,58.0,4.0,1.0,Advanced,92.5,No,1
2214,19,5.6,84.9,77.3,63.7,2.0,0.0,Beginner,60.5,No,0
2215,18,5.31,66.7,46.4,65.7,3.0,2.0,Beginner,76.3,Yes,0
2216,20,6.86,81.4,85.6,73.3,1.0,1.0,Intermediate,80.3,No,0
2217,19,7.42,75.1,71.7,78.6,0.0,1.0,Intermediate,61.6,No,0
2218,19,8.25,80.3,82.5,70.9,2.0,0.0,Advanced,84.4,No,1
2219,23,6.45,66.8,89.0,77.1,2.0,1.0,Intermediate,97.7,No,0
2220,19,7.11,68.3,80.2,59.5,3.0,1.0,Intermediate,44.3,Yes,1
2221,20,6.16,86.0,100.0,67.8,1.0,1.0,Beginner,83.9,No,0
2222,18,8.15,51.2,66.8,72.5,2.0,2.0,Intermediate,,No,1
2223,21,8.14,88.6,64.7,62.9,4.0,1.0,Advanced,72.2,No,1
2224,20,7.44,84.6,58.4,86.3,7.0,3.0,Intermediate,79.8,No,1
2225,19,7.07,86.6,91.2,69.2,2.0,5.0,Intermediate,73.1,No,1
2226,19,7.11,70.0,79.0,67.6,4.0,4.0,Intermediate,73.4,No,1
2227,18,6.09,70.7,56.6,93.8,4.0,3.0,Intermediate,93.4,No,1
2228,23,5.5,69.3,79.9,67.9,5.0,0.0,Intermediate,42.5,Yes,0
2229,20,8.03,76.1,74.7,67.8,6.0,1.0,Advanced,53.2,No,1
2230,18,7.63,90.7,41.9,43.1,2.0,3.0,Intermediate,72.1,Yes,1
2231,22,7.51,87.9,90.9,66.0,3.0,1.0,Intermediate,55.1,No,0
2232,20,6.45,86.3,60.4,57.2,1.0,1.0,Intermediate,61.4,No,0
2233,20,5.96,64.9,49.4,68.3,4.0,2.0,Intermediate,38.2,No,0
2234,20,7.97,96.8,79.5,78.1,0.0,4.0,Advanced,89.7,No,1
2235,21,7.44,63.0,80.6,,5.0,2.0,Intermediate,75.9,No,1
2236,20,6.89,86.0,80.3,52.5,0.0,0.0,Intermediate,66.2,No,0
2237,21,8.42,82.8,85.1,77.4,1.0,2.0,Beginner,70.9,No,1
2238,19,8.89,64.4,83.2,61.1,0.0,2.0,Intermediate,77.8,No,1
2239,20,8.85,67.3,80.4,56.1,2.0,2.0,Beginner,50.2,Yes,0
2240,19,6.66,67.6,59.1,91.3,4.0,1.0,Intermediate,55.9,No,0
2241,22,7.73,66.0,59.1,50.9,3.0,2.0,Advanced,75.5,No,1
2242,20,8.12,80.7,90.3,73.1,1.0,1.0,Intermediate,75.5,No,1
2243,21,5.67,88.5,59.1,52.0,2.0,3.0,Intermediate,87.9,No,0
2244,21,9.86,67.4,57.0,68.1,1.0,1.0,Intermediate,80.6,Yes,1
2245,22,6.56,81.1,58.6,60.4,2.0,2.0,Intermediate,45.4,Yes,0
2246,20,8.06,71.8,65.2,73.7,6.0,1.0,Advanced,88.7,no,0
2247,23,7.9,100.0,86.6,78.5,2.0,4.0,Intermediate,55.5,No,0
2248,21,,91.9,75.7,62.1,5.0,2.0,Intermediate,64.2,No,1
2249,22,7.01,87.3,59.0,91.0,2.0,1.0,Beginner,79.1,No,1
2250,21,6.2,86.4,86.7,78.8,1.0,0.0,Advanced,69.3,No,0
2251,19,7.21,86.9,63.2,80.2,0.0,1.0,Beginner,61.5,No,0
2252,19,7.39,68.3,57.8,64.5,0.0,1.0,Advanced,38.4,No,0
2253,21,6.01,86.4,80.8,80.3,3.0,2.0,Advanced,66.9,No,0
2254,18,8.53,59.5,82.7,46.6,5.0,1.0,Intermediate,60.8,No,1
2255,21,4.97,64.3,86.5,56.5,2.0,0.0,Advanced,92.1,No,0
2256,20,7.8,80.4,59.2,77.7,0.0,0.0,Advanced,77.4,Yes,1
2257,19,8.37,82.1,65.1,70.9,5.0,0.0,Intermediate,84.8,No,1
2258,22,6.62,75.7,44.8,64.6,1.0,2.0,Intermediate,49.5,No,0
2259,19,5.43,88.8,38.8,100.0,5.0,2.0,Intermediate,,No,0
2260,19,7.03,72.0,51.7,,2.0,4.0,Intermediate,94.7,No,0
2261,19,7.0,92.5,58.2,80.1,2.0,4.0,Advanced,83.2,No,1
2262,20,6.73,82.4,71.5,77.2,0.0,1.0,Intermediate,56.0,No,0
2263,20,5.9,82.0,61.3,59.1,1.0,0.0,Intermediate,61.1,No,1
2264,23,10.0,70.0,38.8,73.0,0.0,1.0,Intermediate,63.5,Yes,1
2265,20,7.05,64.4,76.0,64.0,4.0,0.0,Beginner,58.0,No,0
2266,22,6.55,86.5,66.4,37.9,2.0,1.0,Intermediate,32.5,Yes,0
2267,21,6.59,73.1,77.9,53.6,0.0,1.0,Advanced,31.5,No,1
2268,20,7.75,54.2,78.6,82.5,4.0,1.0,Intermediate,67.3,No,1
2269,21,7.27,82.3,36.5,71.9,3.0,5.0,Intermediate,36.2,Yes,0
2270,21,5.73,73.2,82.1,77.0,2.0,0.0,Intermediate,72.4,No,0
2271,19,6.66,77.5,52.9,68.9,0.0,3.0,Advanced,30.6,No,0
2272,22,7.58,76.3,69.4,76.3,2.0,3.0,Intermediate,69.9,No,0
2273,18,6.68,56.0,78.1,65.6,3.0,2.0,Advanced,59.8,No,0
2274,18,8.03,78.4,82.8,55.7,1.0,2.0,Intermediate,61.5,No,1
2275,20,7.53,88.2,78.8,81.2,0.0,2.0,Intermediate,62.3,No,1
2276,20,8.19,72.4,70.6,56.0,3.0,0.0,Intermediate,87.6,No,1
2277,20,8.0,89.3,73.9,68.9,3.0,1.0,Intermediate,70.2,No,1
2278,19,7.66,78.2,93.1,65.0,6.0,1.0,Beginner,48.3,No,0
2279,22,8.83,80.7,77.0,97.0,,1.0,Intermediate,67.6,No,0
2280,20,5.71,82.2,54.1,61.0,3.0,1.0,Intermediate,58.5,Yes,0
2281,19,5.54,73.4,54.7,70.1,2.0,3.0,Advanced,54.9,No,0
2282,19,6.29,100.0,84.4,80.4,1.0,2.0,Intermediate,86.4,No,1
2283,19,6.79,83.8,63.9,74.7,3.0,1.0,Intermediate,97.8,Yes,1
2284,23,6.94,72.6,86.7,85.9,1.0,0.0,Intermediate,87.2,Yes,0
2285,21,,85.2,,75.5,1.0,1.0,Beginner,77.4,No,0
2286,19,8.58,81.7,59.9,82.0,,2.0,Intermediate,77.2,No,1
2287,19,7.16,79.1,48.3,95.5,5.0,2.0,Intermediate,77.1,No,0
2288,21,7.36,78.8,66.9,53.9,2.0,1.0,Intermediate,79.5,No,0
2289,21,5.97,85.3,68.2,78.4,2.0,2.0,Intermediate,64.2,No,0
2290,20,6.88,64.0,69.5,86.9,4.0,4.0,Intermediate,63.9,Yes,1
2291,22,6.72,70.3,49.6,42.1,2.0,2.0,Intermediate,72.0,No,0
2292,20,7.43,64.2,63.1,90.9,5.0,1.0,Intermediate,67.2,Yes,1
2293,21,8.29,63.9,72.9,84.2,3.0,1.0,Intermediate,30.8,No,1
2294,18,7.23,51.2,53.7,45.8,6.0,1.0,Advanced,25.0,No,0
2295,20,6.32,75.3,62.0,85.0,1.0,1.0,Beginner,74.9,No,0
2296,19,7.5,73.1,81.9,67.5,4.0,2.0,Intermediate,45.6,No,0
2297,19,7.3,66.1,61.4,82.6,3.0,1.0,Intermediate,76.9,No,0
2298,20,6.22,74.0,83.9,80.4,1.0,1.0,Intermediate,57.5,No,1
2299,21,7.14,95.3,65.8,56.9,0.0,1.0,Intermediate,53.8,Yes,0
2300,22,5.31,87.1,73.4,72.7,1.0,0.0,Intermediate,64.9,No,0
2301,20,7.17,53.6,91.2,73.8,3.0,0.0,Intermediate,68.9,No,0
2302,20,4.5,75.0,83.9,58.6,2.0,2.0,Intermediate,44.0,No,0
2303,21,6.69,90.8,89.6,83.6,2.0,0.0,Intermediate,55.1,No,1
2304,18,7.97,78.5,53.6,54.9,2.0,2.0,Advanced,59.1,Yes,1
2305,20,6.56,80.7,71.4,86.0,2.0,3.0,Intermediate,63.7,No,0
2306,21,7.34,80.3,80.7,96.5,6.0,1.0,Beginner,74.2,No,1
2307,19,7.38,67.1,79.4,69.6,3.0,1.0,Intermediate,73.3,No,1
2308,20,6.9,84.9,69.3,69.0,1.0,2.0,Intermediate,74.1,No,0
2309,20,5.86,88.9,89.3,66.4,4.0,3.0,Intermediate,85.8,No,0
2310,21,5.85,72.6,67.7,66.8,2.0,2.0,Intermediate,76.5,No,0
2311,20,6.28,80.6,74.0,58.2,2.0,0.0,Beginner,71.7,No,0
2312,20,7.57,71.6,74.9,71.6,3.0,2.0,Intermediate,100.0,Yes,1
2313,18,8.18,82.7,68.8,60.7,2.0,2.0,,60.6,No,0
2314,19,,94.3,68.2,70.1,1.0,0.0,Intermediate,67.5,Yes,1
2315,21,6.45,91.1,89.5,57.9,0.0,0.0,Intermediate,50.8,Yes,0
2316,20,6.75,59.8,82.0,72.4,3.0,2.0,Beginner,47.5,No,0
2317,21,8.63,70.0,99.1,62.7,2.0,2.0,Intermediate,75.2,No,1
2318,20,6.49,72.5,68.7,58.2,1.0,0.0,Beginner,76.6,YES,0
2319,21,8.22,86.6,55.9,58.1,4.0,1.0,Advanced,99.1,Yes,1
2320,21,6.74,77.4,62.1,77.8,3.0,2.0,Advanced,68.4,Yes,1
2321,20,6.81,78.4,59.6,50.7,3.0,2.0,Intermediate,68.7,No,0
2322,22,6.6,66.0,83.1,76.7,2.0,2.0,intermediate,45.8,No,0
2323,18,6.96,93.6,52.2,70.7,0.0,4.0,Intermediate,73.3,No,0
2324,19,6.01,83.0,52.6,82.4,1.0,0.0,Beginner,67.8,No,0
2325,20,7.02,59.0,66.0,75.3,2.0,0.0,Advanced,64.9,No,0
2326,19,6.15,92.2,27.1,55.8,0.0,2.0,Intermediate,62.2,No,0
2327,19,7.08,67.0,63.2,74.6,0.0,1.0,Beginner,46.8,No,1
2328,19,5.15,82.2,64.7,69.7,2.0,3.0,Intermediate,56.3,No,0
2329,21,6.45,70.9,27.0,63.6,1.0,2.0,Beginner,77.0,No,0
2330,19,6.82,74.3,91.8,53.4,2.0,0.0,Advanced,54.9,Yes,1
2331,20,6.63,95.2,56.4,92.3,2.0,1.0,Advanced,74.2,No,0
2332,22,5.18,76.4,80.4,83.7,3.0,1.0,Intermediate,60.2,No,0
2333,20,7.31,76.7,100.0,62.3,1.0,1.0,Beginner,55.4,No,0
2334,22,5.53,77.7,65.8,75.6,2.0,1.0,Advanced,97.3,No,1
2335,21,9.28,81.3,51.5,73.6,2.0,3.0,Beginner,74.3,Yes,1
2336,21,8.54,90.8,79.1,62.9,1.0,2.0,Advanced,69.2,No,0
2337,20,9.07,88.6,70.9,64.9,3.0,3.0,Advanced,96.1,No,1
2338,20,7.13,83.0,73.0,60.3,3.0,4.0,Intermediate,70.9,No,0
2339,18,5.11,90.8,60.5,59.1,2.0,1.0,Intermediate,56.6,No,0
2340,21,9.06,79.7,51.0,61.9,1.0,1.0,Intermediate,68.1,No,0
2341,18,7.37,87.8,74.4,80.4,5.0,3.0,Intermediate,57.8,No,1
2342,21,9.07,87.7,61.3,53.0,2.0,2.0,Advanced,59.3,No,1
2343,24,8.48,82.7,75.2,84.5,1.0,2.0,Intermediate,68.2,No,1
2344,23,7.55,81.3,59.6,77.8,0.0,0.0,Intermediate,94.9,No,1
2345,21,6.1,86.6,43.4,100.0,3.0,2.0,Beginner,25.0,No,0
2346,21,6.24,77.4,49.1,78.6,0.0,0.0,Advanced,57.3,Yes,0
2347,19,6.94,98.0,77.2,66.3,2.0,2.0,Intermediate,97.7,No,0
2348,20,7.25,82.3,82.2,61.7,3.0,2.0,Intermediate,26.3,No,1
2349,21,7.04,87.6,66.7,55.0,2.0,2.0,Intermediate,94.9,No,0
2350,19,7.48,63.7,58.3,64.0,3.0,1.0,Beginner,60.5,No,1
2351,19,8.71,86.5,67.5,83.5,3.0,2.0,Beginner,54.5,No,1
2352,19,9.12,84.9,51.6,67.2,2.0,0.0,Intermediate,86.2,No,1
2353,19,5.46,84.4,54.9,73.0,4.0,4.0,Intermediate,69.9,No,1
2354,19,7.7,99.2,68.4,66.4,0.0,0.0,Advanced,57.5,No,1
2355,19,8.23,83.1,84.8,34.8,3.0,0.0,Intermediate,55.0,No,0
2356,21,7.35,85.0,71.8,100.0,4.0,3.0,Intermediate,57.6,No,1
2357,23,7.75,83.1,,55.1,1.0,0.0,Intermediate,77.1,,0
2358,20,6.49,88.4,65.1,87.4,3.0,3.0,Advanced,67.9,No,1
2359,22,7.3,68.4,79.4,78.8,3.0,2.0,Intermediate,65.8,No,1
2360,20,7.05,62.6,62.3,65.5,2.0,1.0,Intermediate,81.5,No,0
2361,21,6.46,80.1,94.8,49.2,2.0,2.0,Intermediate,60.5,No,0
2362,20,6.68,91.7,73.3,43.2,1.0,2.0,Intermediate,75.2,No,0
2363,20,7.65,65.9,69.2,87.7,1.0,1.0,Advanced,77.4,Yes,1
2364,19,6.85,82.7,100.0,,1.0,6.0,Beginner,51.8,Yes,1
2365,21,7.13,78.0,100.0,55.0,3.0,0.0,Intermediate,80.9,No,1
2366,19,,58.7,51.7,50.5,2.0,1.0,Intermediate,73.1,No,0
2367,20,6.72,80.9,85.6,69.1,2.0,1.0,Intermediate,59.0,No,0
2368,23,6.04,70.6,100.0,65.4,4.0,3.0,Advanced,89.1,No,1
2369,20,5.87,61.7,74.3,58.8,4.0,3.0,Intermediate,92.6,No,1
2370,22,7.38,99.0,46.5,90.2,3.0,,Beginner,87.8,No,0
2371,22,6.77,,60.1,82.2,2.0,3.0,Intermediate,64.6,No,1
2372,20,5.9,89.7,50.9,58.5,1.0,4.0,Advanced,44.7,No,0
2373,19,6.6,71.2,80.1,80.7,2.0,1.0,,66.5,No,0
2374,19,7.62,90.5,81.1,78.8,1.0,2.0,Intermediate,75.0,Yes,1
2375,20,7.74,77.3,52.6,92.4,,1.0,Intermediate,67.1,Yes,1
2376,20,5.46,82.3,79.9,75.9,1.0,5.0,Intermediate,70.2,No,0
2377,21,7.78,85.9,52.7,83.8,2.0,1.0,Intermediate,63.7,No,0
2378,21,5.23,74.2,74.7,92.0,4.0,2.0,Advanced,34.9,,1
2379,19,6.56,67.5,58.9,79.0,1.0,1.0,Intermediate,66.7,No,0
2380,20,8.11,82.0,86.2,67.6,2.0,3.0,Intermediate,66.5,No,1
2381,18,6.08,70.5,66.7,47.9,1.0,1.0,Intermediate,66.9,Yes,0
2382,19,8.16,73.3,80.9,89.4,2.0,1.0,Advanced,97.6,Yes,1
2383,23,7.33,84.5,46.7,48.3,2.0,2.0,Advanced,42.9,Yes,0
2384,19,9.18,79.5,86.1,81.0,1.0,1.0,Intermediate,43.4,No,1
2385,19,8.87,72.1,50.5,77.3,2.0,0.0,Intermediate,45.7,No,1
2386,21,7.6,69.7,73.5,81.2,4.0,2.0,Intermediate,71.3,Yes,1
2387,19,6.95,77.9,89.7,85.5,1.0,1.0,Advanced,68.5,No,1
2388,22,8.56,100.0,65.4,49.7,5.0,3.0,Intermediate,42.0,No,1
2389,21,7.59,64.6,87.5,68.8,1.0,3.0,Advanced,46.6,No,0
2390,21,8.01,75.9,70.1,70.7,3.0,2.0,Advanced,70.7,No,1
2391,20,7.74,74.2,85.6,94.4,1.0,3.0,Advanced,69.6,No,1
2392,20,7.5,80.0,92.8,44.7,5.0,1.0,Beginner,48.0,No,0
2393,18,6.06,82.8,78.4,55.4,4.0,2.0,Intermediate,97.0,No,1
2394,19,8.17,75.9,87.2,68.1,5.0,4.0,Intermediate,92.4,No,1
2395,18,6.56,74.7,100.0,71.6,5.0,2.0,Beginner,81.8,No,0
2396,21,8.72,92.9,90.0,93.3,0.0,2.0,Advanced,74.0,No,1
2397,20,6.64,76.1,52.6,53.9,0.0,3.0,Intermediate,51.4,Yes,1
2398,21,7.34,82.0,75.0,52.0,2.0,2.0,,80.9,No,0
2399,22,8.82,55.9,73.2,65.5,4.0,1.0,Intermediate,54.7,No,1
2400,19,7.64,63.3,54.7,71.4,4.0,2.0,Intermediate,59.4,No,1
2401,22,6.34,80.6,63.5,45.8,,4.0,Advanced,75.0,Yes,0
2402,19,8.23,69.6,35.7,63.2,2.0,3.0,Intermediate,60.2,No,0
2403,20,7.14,76.2,41.2,,4.0,1.0,Beginner,86.1,No,1
2404,21,7.97,87.5,78.9,88.2,1.0,2.0,Advanced,57.5,No,1
2405,21,6.76,85.3,63.9,46.7,1.0,2.0,Intermediate,71.4,Yes,0
2406,21,7.51,,64.7,95.6,0.0,2.0,Intermediate,62.8,Yes,0
2407,20,8.84,57.8,64.4,64.6,1.0,0.0,Intermediate,62.6,No,0
2408,19,7.2,89.4,60.3,59.0,5.0,1.0,Advanced,93.9,No,1
2409,19,9.57,78.2,,80.7,2.0,1.0,Intermediate,56.9,No,0
2410,18,8.58,77.9,78.6,91.4,1.0,2.0,Intermediate,86.3,Yes,1
2411,20,7.85,81.7,65.2,59.3,2.0,2.0,Beginner,58.5,No,0
2412,19,7.31,76.1,89.0,75.5,4.0,2.0,Beginner,68.3,No,0
2413,19,6.62,58.8,50.8,54.8,2.0,1.0,Beginner,54.2,No,0
2414,21,7.92,91.3,77.7,36.1,3.0,2.0,Intermediate,93.4,Yes,1
2415,19,7.24,68.6,80.8,84.5,2.0,1.0,Intermediate,71.4,No,1
2416,19,7.57,62.0,63.6,76.8,3.0,0.0,Intermediate,,Yes,0
2417,21,8.45,90.6,55.0,79.2,3.0,5.0,Intermediate,52.0,No,1
2418,20,6.75,78.6,86.0,64.1,1.0,1.0,Intermediate,59.5,Yes,1
2419,21,7.81,83.5,83.1,67.0,2.0,3.0,Intermediate,73.9,No,0
2420,19,5.08,64.9,83.2,46.5,3.0,1.0,Intermediate,48.8,No,0
2421,20,8.55,83.1,81.1,83.6,2.0,2.0,Intermediate,62.2,No,0
2422,21,5.87,85.7,74.8,76.8,3.0,1.0,Advanced,83.0,Yes,1
2423,21,7.1,100.0,64.8,65.7,3.0,2.0,Intermediate,53.9,Yes,1
2424,19,7.54,70.3,91.0,73.6,3.0,1.0,Beginner,46.4,Yes,1
2425,24,7.59,59.6,99.4,79.9,2.0,1.0,Intermediate,86.9,Yes,0
2426,20,7.67,65.4,86.0,71.5,5.0,3.0,Intermediate,83.3,No,0
2427,21,7.76,71.5,96.4,74.6,0.0,0.0,Advanced,61.5,No,0
2428,19,9.38,100.0,41.8,65.1,3.0,1.0,Advanced,62.0,No,0
2429,19,8.61,,68.6,74.9,4.0,4.0,Advanced,66.1,No,1
2430,18,7.92,91.4,61.5,100.0,,3.0,Beginner,81.9,No,0
2431,19,5.24,84.2,50.9,62.7,6.0,0.0,Intermediate,42.5,No,0
2432,19,6.64,67.5,35.1,85.5,1.0,2.0,Intermediate,51.0,No,1
2433,21,8.91,83.9,81.4,91.7,3.0,0.0,Intermediate,67.8,No,1
2434,19,4.99,74.7,83.3,51.8,1.0,1.0,,56.5,No,0
2435,20,6.66,67.9,55.6,75.4,1.0,1.0,Advanced,59.9,No,0
2436,22,6.47,97.1,60.9,63.4,2.0,3.0,Advanced,49.0,No,1
2437,20,9.4,67.7,55.8,65.7,5.0,2.0,Beginner,65.3,Yes,1
2438,19,6.65,78.4,52.8,80.9,0.0,1.0,Intermediate,68.6,No,0
2439,22,7.29,89.0,65.3,81.3,0.0,2.0,Intermediate,75.6,Yes,0
2440,19,6.49,73.6,100.0,92.9,1.0,0.0,Intermediate,66.8,No,0
2441,23,5.54,86.8,63.6,78.6,2.0,1.0,Advanced,75.5,No,0
2442,23,7.24,79.5,71.5,77.8,4.0,6.0,Beginner,46.2,No,0
2443,19,6.36,69.2,73.1,73.9,1.0,1.0,Advanced,56.3,No,0
2444,19,,99.4,63.8,61.8,2.0,0.0,Beginner,50.2,Yes,0
2445,21,7.01,88.6,77.4,60.5,0.0,3.0,Intermediate,87.1,No,1
2446,20,6.4,96.1,68.4,,4.0,1.0,Advanced,72.3,Yes,1
2447,19,6.77,88.6,77.1,44.3,3.0,2.0,Advanced,59.5,No,1
2448,20,6.16,80.1,64.4,76.5,2.0,2.0,Beginner,45.5,No,0
2449,18,6.81,76.1,50.5,65.9,3.0,2.0,Intermediate,47.3,Yes,1
2450,19,7.35,61.7,69.1,65.3,1.0,0.0,Intermediate,85.2,Yes,0
2451,21,6.74,73.9,76.9,65.9,4.0,1.0,Intermediate,79.2,No,0
2452,23,8.08,85.4,51.1,80.3,1.0,2.0,Beginner,60.7,No,0
2453,18,6.94,72.1,44.3,34.1,5.0,1.0,Beginner,52.5,No,0
2454,19,8.36,72.9,71.8,73.3,4.0,1.0,Intermediate,51.3,No,1
2455,20,7.4,84.5,65.0,71.0,1.0,3.0,Intermediate,53.8,No,1
2456,22,6.32,84.4,64.5,47.4,4.0,3.0,Intermediate,69.7,No,0
2457,19,8.52,61.9,63.0,67.4,1.0,0.0,Intermediate,66.6,Yes,0
2458,20,7.4,67.7,53.9,57.9,2.0,1.0,Advanced,93.4,No,1
2459,20,8.72,67.4,93.9,58.4,3.0,2.0,Advanced,57.3,No,1
2460,20,8.81,64.5,31.2,80.7,1.0,2.0,Advanced,67.0,Yes,0
2461,19,6.64,,67.3,45.4,2.0,2.0,Advanced,60.1,No,0
2462,22,7.88,84.5,65.0,48.0,3.0,1.0,Intermediate,56.9,Yes,0
2463,20,6.49,91.0,77.4,88.2,1.0,3.0,Beginner,89.5,No,1
2464,18,6.6,69.0,73.9,41.3,1.0,0.0,Intermediate,82.0,No,0
2465,21,6.33,70.1,72.7,62.0,2.0,0.0,Intermediate,95.7,Yes,1
2466,19,9.11,62.5,50.2,88.6,2.0,0.0,Intermediate,75.8,Yes,1
2467,21,8.79,100.0,49.1,70.2,0.0,1.0,Beginner,48.0,No,0
2468,18,8.76,77.7,75.9,70.8,2.0,1.0,Intermediate,70.7,No,1
2469,20,5.87,64.9,62.0,87.2,1.0,1.0,Intermediate,57.8,Yes,1
2470,21,7.84,60.3,65.0,79.6,3.0,,Advanced,84.4,No,1
1043,19,7.22,75.8,74.5,80.6,4.0,3.0,Intermediate,63.3,No,0
1077,21,5.06,70.5,79.5,80.0,2.0,2.0,Beginner,69.4,No,0
2381,18,6.08,70.5,66.7,47.9,1.0,1.0,Intermediate,66.9,Yes,0
1253,20,5.69,69.3,100.0,83.3,5.0,1.0,Beginner,89.0,Yes,1
1389,22,7.8,78.8,100.0,,1.0,2.0,Advanced,72.5,No,0
2207,20,6.11,77.7,62.4,74.4,1.0,4.0,Intermediate,93.9,No,0
1548,20,6.24,86.2,56.1,72.9,2.0,3.0,Advanced,69.9,No,0
1036,19,5.79,74.3,36.5,74.1,2.0,3.0,Advanced,90.3,No,0
1032,22,8.87,77.4,88.8,80.4,2.0,0.0,Beginner,65.8,No,1
1321,20,8.33,91.3,54.6,65.0,2.0,2.0,Intermediate,46.4,Yes,0
2109,22,5.99,77.5,70.2,66.5,1.0,1.0,Advanced,48.7,No,0
2026,21,8.03,89.3,53.5,55.2,1.0,0.0,Intermediate,77.6,No,0
1695,21,6.91,76.5,44.5,40.9,1.0,2.0,Intermediate,71.6,Yes,0
2083,20,8.72,79.5,87.0,77.7,2.0,2.0,Advanced,46.9,No,1
2178,22,5.46,66.6,90.9,68.6,0.0,1.0,Advanced,71.7,Yes,0
1029,22,6.29,80.5,78.9,83.0,1.0,0.0,Intermediate,69.2,Yes,0
1019,21,6.3,74.9,71.5,,3.0,3.0,Advanced,85.6,No,1
1261,23,6.62,74.1,56.9,59.1,4.0,1.0,Intermediate,35.2,No,0
1936,21,7.22,89.3,77.1,77.5,1.0,1.0,Intermediate,64.1,Yes,1
1680,21,6.58,68.6,73.9,91.8,2.0,2.0,Intermediate,65.8,Yes,0
1946,22,6.15,82.7,73.2,62.0,3.0,1.0,Intermediate,68.6,No,0
1747,19,7.61,82.9,86.6,64.7,1.0,3.0,Advanced,79.7,No,1
2397,20,6.64,76.1,52.6,53.9,0.0,3.0,Intermediate,51.4,Yes,1
2100,19,7.69,83.5,67.9,47.1,2.0,1.0,Intermediate,45.1,No,0
1778,24,9.23,78.4,81.8,60.9,2.0,3.0,Advanced,63.9,No,1
1104,19,7.46,78.1,60.0,78.5,0.0,0.0,Intermediate,66.0,Yes,0
1643,19,6.61,68.0,53.9,64.9,0.0,1.0,Advanced,62.4,Yes,0
1132,21,6.76,66.4,73.8,98.8,2.0,1.0,beginner,58.7,No,0
1895,18,4.5,64.9,73.8,72.3,2.0,1.0,Advanced,72.8,No,0
1935,21,8.33,100.0,58.8,78.7,4.0,2.0,,79.2,No,1
